date,temp_max,temp_mean,humidity_mean,humidity_min,pressure_mean,light_mean,wind_mean,rain_mm
2025-12-14 00:00:00+00:00,28.1,20.666319444444444,75.02118055555556,46.400000000000006,848.9506944444444,437.62152777777777,0.3236111111111111,0.4
2025-12-15 00:00:00+00:00,28.566666666666666,21.228819444444444,70.65451388888889,41.93333333333334,847.8434027777777,425.8576388888889,0.3229166666666667,0.0
2025-12-16 00:00:00+00:00,27.375,21.480902777777775,68.89618055555556,44.225,847.0649305555556,419.84375,0.28541666666666665,0.0
2025-12-17 00:00:00+00:00,29.8,22.35173611111111,64.8013888888889,37.475,847.8246527777778,445.6388888888889,0.43472222222222223,0.0
2025-12-18 00:00:00+00:00,28.975,22.25243055555556,67.56527777777778,42.725,849.2895833333333,440.7951388888889,0.5499999999999999,0.0
2025-12-19 00:00:00+00:00,27.375,21.17361111111111,72.76597222222222,46.975,848.8989583333333,411.0625,0.4673611111111111,0.0
2025-12-20 00:00:00+00:00,28.325,21.233680555555555,72.00937499999999,43.5,847.2798611111111,408.65625,0.3590277777777778,0.0
2025-12-21 00:00:00+00:00,24.766666666666666,19.044444444444444,83.2,61.93333333333334,847.7899305555555,354.34375,0.2791666666666667,0.30000000000000004
2025-12-22 00:00:00+00:00,27.85,19.57951388888889,76.41597222222222,43.75,847.9277777777778,410.4548611111111,0.4149305555555556,0.0
2025-12-23 00:00:00+00:00,28.05,20.258333333333333,72.55520833333334,44.15,848.2239583333334,458.1076388888889,0.46458333333333335,0.0
2025-12-24 00:00:00+00:00,29.066666666666666,21.44826388888889,69.28194444444445,40.93333333333334,848.4173611111111,430.8020833333333,0.43958333333333327,0.0
2025-12-25 00:00:00+00:00,30.05,22.113194444444446,67.70729166666666,41.95,848.4215277777779,466.2986111111111,0.4263888888888889,0.0
2025-12-26 00:00:00+00:00,31.15,23.129166666666666,64.40625,38.275,847.6840277777778,465.9548611111111,0.42569444444444443,0.0
2025-12-27 00:00:00+00:00,29.55,23.06736111111111,67.78819444444444,44.15,846.6149305555556,429.3854166666667,0.44826388888888885,0.4
2025-12-28 00:00:00+00:00,24.3,18.893055555555556,84.24479166666667,67.19999999999999,848.5104166666666,344.1979166666667,0.35520833333333335,0.0
2025-12-29 00:00:00+00:00,28.3,20.533680555555556,75.15902777777778,44.125,850.0864583333333,384.1076388888889,0.40034722222222224,0.4
2025-12-30 00:00:00+00:00,28.825,20.98402777777778,73.9486111111111,43.625,850.5097222222222,431.3611111111111,0.34270833333333334,0.4
2025-12-31 00:00:00+00:00,28.225,21.928124999999998,69.24722222222222,44.475,849.8461805555556,451.3541666666667,0.4135416666666667,0.0
2026-01-01 00:00:00+00:00,28.575,20.85451388888889,67.72708333333334,42.525,849.8107638888888,448.8888888888889,0.39409722222222227,0.0
2026-01-02 00:00:00+00:00,29.35,21.217708333333334,63.54756944444444,37.2,849.6822916666666,464.5173611111111,0.3645833333333333,0.0
2026-01-03 00:00:00+00:00,31.875,22.06041666666667,63.35659722222223,32.4,848.3392361111111,468.31597222222223,0.36319444444444443,0.0
2026-01-04 00:00:00+00:00,30.025,21.974305555555556,66.11319444444445,41.5,848.0979166666666,469.3958333333333,0.4309027777777778,0.0
2026-01-05 00:00:00+00:00,30.025,21.161805555555556,59.37708333333333,34.925,849.2614583333334,462.62152777777777,0.46979166666666666,0.0
2026-01-06 00:00:00+00:00,29.6,20.741666666666667,58.01215277777778,35.875,849.5239583333333,466.77777777777777,0.44375000000000003,0.0
2026-01-07 00:00:00+00:00,30.125,21.270833333333332,56.58784722222222,34.9,849.1836805555555,463.3125,0.4673611111111111,0.0
2026-01-08 00:00:00+00:00,29.35,21.164583333333333,54.73541666666667,33.35,849.3364583333333,454.7291666666667,0.5121527777777778,0.0
2026-01-09 00:00:00+00:00,28.45,21.185416666666665,56.80416666666667,38.125,849.7194444444444,453.5416666666667,0.4708333333333334,0.0
2026-01-10 00:00:00+00:00,28.95,21.51076388888889,58.56527777777777,37.166666666666664,849.2027777777779,457.1319444444444,0.36423611111111115,0.0
2026-01-11 00:00:00+00:00,30.225,21.938194444444445,54.02465277777778,29.675,848.8868055555555,462.1458333333333,0.35451388888888885,0.0
2026-01-12 00:00:00+00:00,26.975,20.78611111111111,62.46527777777778,45.025,849.975,405.3125,0.5111111111111112,0.0
2026-01-13 00:00:00+00:00,29.025,21.184375,61.79131944444445,38.175,849.7163194444444,435.97222222222223,0.5559027777777777,0.0
2026-01-14 00:00:00+00:00,29.5,20.332291666666666,55.88958333333333,29.7,848.9510416666667,470.1180555555556,0.46527777777777773,0.0
2026-01-15 00:00:00+00:00,30.575,20.666666666666668,56.114583333333336,28.4,848.3552083333334,468.9895833333333,0.4069444444444445,0.0
2026-01-16 00:00:00+00:00,30.875,21.896527777777777,52.34305555555556,23.05,848.1461805555555,468.0798611111111,0.4201388888888889,0.0
2026-01-17 00:00:00+00:00,29.6,21.994097222222223,61.51527777777778,38.375,848.3920138888889,449.87152777777777,0.5395833333333333,0.0
2026-01-18 00:00:00+00:00,29.15,22.38576388888889,63.967013888888886,41.175,848.0319444444444,444.0520833333333,0.5402777777777777,0.0
2026-01-19 00:00:00+00:00,29.85,21.816319444444446,64.47291666666666,37.525,848.0625,407.96875,0.5239583333333333,0.0
2026-01-20 00:00:00+00:00,31.075,22.139930555555555,59.81041666666667,33.85,848.1260416666668,473.49652777777777,0.5170138888888889,0.0
2026-01-21 00:00:00+00:00,31.3,22.409722222222225,57.43194444444445,29.375,848.6166666666667,467.0416666666667,0.5045138888888889,0.0
2026-01-22 00:00:00+00:00,28.425,20.673958333333335,62.013888888888886,37.45,849.4076388888889,424.65972222222223,0.5979166666666667,0.0
2026-01-23 00:00:00+00:00,30.575,21.411805555555556,54.28541666666666,30.025,850.0784722222223,458.8194444444444,0.5371527777777778,0.0
2026-01-24 00:00:00+00:00,31.5,22.105208333333334,52.67881944444445,28.5,849.8125,461.4305555555556,0.4392361111111111,0.0
2026-01-25 00:00:00+00:00,33.1,23.10729166666667,51.25416666666666,22.925,849.0291666666667,468.8611111111111,0.4427083333333333,0.0
2026-01-26 00:00:00+00:00,32.65,23.545486111111114,55.87777777777777,28.925,848.4267361111112,463.8298611111111,0.6163194444444444,0.0
2026-01-27 00:00:00+00:00,29.575,23.29201388888889,59.394444444444446,39.525,849.459375,454.71875,0.65625,0.0
2026-01-28 00:00:00+00:00,30.974999999999998,22.30763888888889,59.527430555555554,34.15,849.848611111111,452.9548611111111,0.5552083333333334,0.0
2026-01-29 00:00:00+00:00,31.675,22.595138888888886,53.42534722222222,29.175,849.6631944444445,462.1770833333333,0.49583333333333335,0.0
2026-01-30 00:00:00+00:00,30.85,22.207291666666666,53.19722222222222,28.825,848.6659722222222,466.03472222222223,0.6204861111111111,0.0
2026-01-31 00:00:00+00:00,30.3,22.131944444444443,57.20277777777778,35.15,848.4774305555555,456.74652777777777,0.6413194444444444,0.0
2026-02-01 00:00:00+00:00,31.125,22.644791666666666,54.99131944444445,30.3,849.6114583333333,466.24652777777777,0.6229166666666667,0.0
2026-02-02 00:00:00+00:00,29.925,21.954166666666666,55.706944444444446,33.05,850.2690972222222,471.9444444444444,0.5899305555555555,0.0
2026-02-03 00:00:00+00:00,31.225,22.83923611111111,56.097569444444446,31.625,849.6753472222222,470.1701388888889,0.623263888888889,0.0
2026-02-04 00:00:00+00:00,31.424999999999997,22.977430555555557,56.85347222222222,31.65,848.3368055555555,449.4791666666667,0.6315972222222223,0.0
2026-02-05 00:00:00+00:00,31.15,23.474999999999998,56.645833333333336,32.5,848.2895833333333,459.02777777777777,0.6729166666666666,0.0
2026-02-06 00:00:00+00:00,30.775,23.021874999999998,56.84513888888889,31.75,849.6152777777778,458.1944444444444,0.6506944444444445,0.0
2026-02-07 00:00:00+00:00,32.6,24.3125,53.765972222222224,26.025,849.667013888889,455.65625,0.47118055555555555,0.0
2026-02-08 00:00:00+00:00,29.85,23.12326388888889,62.74409722222222,38.5,848.9354166666667,408.8229166666667,0.6687500000000001,0.0
2026-02-09 00:00:00+00:00,29.65,22.715277777777775,55.16527777777778,27.775,848.8246527777778,443.84722222222223,0.7847222222222222,0.0
2026-02-10 00:00:00+00:00,30.75,22.334374999999998,50.28055555555556,27.725,849.3371527777778,473.0555555555556,0.6659722222222223,0.0
2026-02-11 00:00:00+00:00,30.866666666666664,22.281944444444445,49.08715277777778,31.166666666666668,850.0920138888888,480.7951388888889,0.5611111111111111,0.0
2026-02-12 00:00:00+00:00,32.0,22.75451388888889,46.52708333333334,22.575,849.5465277777777,467.68402777777777,0.4239583333333334,0.0
2026-02-13 00:00:00+00:00,32.825,23.003472222222225,50.490625,25.75,848.1538194444444,466.28125,0.5229166666666667,0.0
2026-02-14 00:00:00+00:00,29.8,23.077083333333334,57.10069444444445,37.375,848.4145833333333,441.6423611111111,0.579861111111111,0.0
2026-02-15 00:00:00+00:00,31.674999999999997,22.78298611111111,60.276041666666664,31.8,849.3850694444445,438.7569444444444,0.47256944444444443,0.0
2026-02-16 00:00:00+00:00,31.1,23.11111111111111,59.52986111111111,31.375,848.7194444444444,427.4548611111111,0.4149305555555556,0.0
2026-02-17 00:00:00+00:00,29.475,21.536805555555556,66.25416666666666,39.55,847.8934027777777,402.0208333333333,0.371875,0.0
2026-02-18 00:00:00+00:00,29.225,22.403819444444448,63.98159722222223,40.025000000000006,848.0381944444445,437.2604166666667,0.5274305555555555,0.0
2026-02-19 00:00:00+00:00,31.25,23.571875000000002,55.245138888888896,31.6,848.2086805555556,414.15972222222223,0.31666666666666665,0.0
2026-02-20 00:00:00+00:00,31.875,23.90347222222222,55.90625,30.45,848.792013888889,426.6736111111111,0.32326388888888885,0.0
2026-02-21 00:00:00+00:00,27.225,20.755208333333332,76.45104166666667,48.525,848.584375,372.4166666666667,0.2815972222222222,0.5
2026-02-22 00:00:00+00:00,25.95,19.053124999999998,84.41944444444444,55.675,847.0770833333332,341.7048611111111,0.16874999999999998,0.30000000000000004
2026-02-23 00:00:00+00:00,26.25,18.740972222222222,81.671875,46.15,847.5006944444444,375.34722222222223,0.31354166666666666,0.2
2026-02-24 00:00:00+00:00,29.425,21.453125,71.28402777777778,32.9,847.4031249999999,426.875,0.3902777777777778,0.9
2026-02-25 00:00:00+00:00,26.075000000000003,18.697222222222223,87.21979166666667,56.75,848.4815972222223,359.1805555555556,0.22083333333333333,3.0
2026-02-26 00:00:00+00:00,29.05,20.958680555555556,77.14236111111111,42.75,848.00625,466.0763888888889,0.4142361111111111,0.30000000000000004
2026-02-27 00:00:00+00:00,28.65,20.584027777777777,75.48923611111111,45.7,846.9204861111111,451.6944444444444,0.36562500000000003,0.6000000000000001
2026-02-28 00:00:00+00:00,27.375,20.684375,77.59201388888889,51.425,846.5274305555555,411.2604166666667,0.3607638888888889,1.2000000000000002
2026-03-01 00:00:00+00:00,26.975,20.95486111111111,77.69583333333334,51.375,847.9045138888888,430.8020833333333,0.31180555555555556,0.0
2026-03-02 00:00:00+00:00,27.1,21.498611111111114,75.69930555555555,52.075,848.3944444444445,377.28472222222223,0.359375,0.0
2026-03-03 00:00:00+00:00,27.4,21.756249999999998,75.85798611111112,50.525,847.7635416666667,411.0763888888889,0.44375000000000003,0.0
2026-03-04 00:00:00+00:00,26.75,20.09513888888889,82.21076388888889,55.925,848.4541666666668,384.2395833333333,0.24791666666666667,0.5
2026-03-05 00:00:00+00:00,27.150000000000002,19.821875000000002,84.00833333333334,57.1,848.6482638888889,395.24652777777777,0.38576388888888885,1.2999999999999998
2026-03-06 00:00:00+00:00,27.025,19.838194444444444,82.50208333333333,54.9,848.4152777777778,407.6979166666667,0.3826388888888889,0.9000000000000001
2026-03-07 00:00:00+00:00,27.425,18.904166666666665,87.46423611111112,53.2,848.7097222222222,399.3541666666667,0.1875,1.2000000000000002
2026-03-08 00:00:00+00:00,27.275,21.04513888888889,79.42222222222223,52.225,848.4659722222223,457.27777777777777,0.4527777777777778,0.2
2026-03-09 00:00:00+00:00,25.95,20.949305555555558,79.25347222222221,57.65,847.7923611111111,409.72222222222223,0.5572916666666666,0.1
2026-03-10 00:00:00+00:00,26.85,20.69826388888889,80.38368055555556,52.975,848.4506944444444,391.2916666666667,0.3767361111111111,0.1
2026-03-11 00:00:00+00:00,29.15,22.32534722222222,73.08020833333333,44.224999999999994,848.5149305555556,481.3611111111111,0.434375,0.0
2026-03-12 00:00:00+00:00,29.825,22.501041666666666,73.79930555555556,44.525,847.71875,461.9305555555556,0.3416666666666666,0.0
2026-03-13 00:00:00+00:00,31.125,23.15416666666667,70.45659722222221,36.95,846.5534722222222,468.0138888888889,0.42013888888888884,0.4
2026-03-14 00:00:00+00:00,28.225,21.959722222222222,77.57048611111111,53.0,847.0545138888889,426.0763888888889,0.3458333333333334,0.1
2026-03-15 00:00:00+00:00,28.3,21.649305555555557,73.77499999999999,45.8,848.0347222222222,461.4479166666667,0.42465277777777777,0.2
2026-03-16 00:00:00+00:00,28.475,21.373958333333334,72.48715277777778,46.175,848.2107638888889,481.1041666666667,0.47291666666666665,0.1
2026-03-17 00:00:00+00:00,28.625,22.261458333333334,72.74027777777778,47.025,846.9770833333333,461.1631944444444,0.39687500000000003,0.0
2026-03-18 00:00:00+00:00,29.5,22.352430555555557,74.00173611111111,45.875,847.3819444444445,426.3541666666667,0.3368055555555556,0.2
2026-03-19 00:00:00+00:00,29.175,22.375694444444445,74.25034722222223,47.300000000000004,847.7545138888889,445.9930555555556,0.3510416666666667,0.30000000000000004
2026-03-20 00:00:00+00:00,26.175,19.508333333333333,86.99062500000001,59.85,847.7215277777777,367.3888888888889,0.22604166666666667,2.0
2026-03-21 00:00:00+00:00,26.675,20.568402777777777,80.65833333333333,54.2,847.2659722222223,423.65625,0.2885416666666667,0.2
2026-03-22 00:00:00+00:00,27.4,21.2,77.41597222222222,53.35,847.3215277777778,402.6354166666667,0.27743055555555557,0.2
2026-03-23 00:00:00+00:00,26.35,19.74826388888889,84.65729166666667,58.925,848.5496527777777,417.9444444444444,0.3392361111111111,0.4
2026-03-24 00:00:00+00:00,24.6,19.45347222222222,84.14270833333333,59.375,848.1625,378.4791666666667,0.29375,0.3
2026-03-25 00:00:00+00:00,26.85,20.350694444444446,79.16180555555555,52.425,847.3635416666666,424.1041666666667,0.22083333333333333,0.1
2026-03-26 00:00:00+00:00,28.075,21.10798611111111,77.49826388888889,45.5,848.8118055555556,471.31597222222223,0.33298611111111115,0.0
2026-03-27 00:00:00+00:00,26.325,20.180208333333333,83.17847222222223,57.975,850.0954861111112,419.2083333333333,0.26493055555555556,0.0
2026-03-28 00:00:00+00:00,27.1,20.71840277777778,75.25381944444445,46.35,849.4895833333334,448.375,0.2708333333333333,0.0
2026-03-29 00:00:00+00:00,28.25,20.716319444444444,75.63368055555556,44.875,847.6180555555555,434.3506944444444,0.2354166666666667,0.1
2026-03-30 00:00:00+00:00,27.9,21.069791666666667,76.63333333333334,48.725,847.7590277777778,436.49652777777777,0.2625,0.0
2026-03-31 00:00:00+00:00,27.175,21.163194444444446,77.96840277777777,52.025,848.2111111111111,417.0520833333333,0.278125,0.0
2026-04-01 00:00:00+00:00,28.775,21.05173611111111,76.15243055555555,44.1,848.8371527777778,413.0833333333333,0.30312500000000003,0.0
2026-04-02 00:00:00+00:00,28.2,21.521527777777777,73.27638888888889,43.85,849.1475694444445,449.65625,0.31354166666666666,0.0
2026-04-03 00:00:00+00:00,29.275,21.343055555555555,74.72951388888889,44.400000000000006,848.9392361111112,437.3333333333333,0.2677083333333333,0.0
2026-04-04 00:00:00+00:00,28.325,21.648263888888888,73.22500000000001,46.275000000000006,848.6565972222223,419.8194444444444,0.2854166666666667,0.0
2026-04-05 00:00:00+00:00,28.175,21.61388888888889,74.87395833333333,47.775,849.43125,415.96875,0.19270833333333334,0.0
2026-04-06 00:00:00+00:00,28.8,22.196180555555557,70.00208333333333,43.875,850.6371527777778,469.7638888888889,0.278125,0.0
2026-04-07 00:00:00+00:00,28.65,21.496527777777775,75.80208333333333,44.175,851.4920138888889,460.9895833333333,0.28541666666666665,0.30000000000000004
2026-04-08 00:00:00+00:00,29.049999999999997,21.95069444444444,72.67152777777777,41.375,850.6618055555556,469.6354166666667,0.21597222222222223,0.0
2026-04-09 00:00:00+00:00,28.225,21.751388888888886,72.48263888888889,46.625,849.9572916666666,475.77777777777777,0.25625000000000003,0.0
2026-04-10 00:00:00+00:00,28.15,21.31701388888889,71.3951388888889,44.875,850.2479166666667,431.62847222222223,0.27708333333333335,0.0
2026-04-11 00:00:00+00:00,29.625,22.167708333333334,70.73611111111111,39.975,849.8704861111111,445.8333333333333,0.2263888888888889,0.0
2026-04-12 00:00:00+00:00,28.4,21.880208333333332,74.92361111111111,46.7,848.7298611111111,430.4513888888889,0.28229166666666666,0.7
2026-04-13 00:00:00+00:00,26.925,20.84861111111111,81.29479166666667,55.1,848.7673611111112,420.3680555555556,0.3704861111111111,0.5
2026-04-14 00:00:00+00:00,26.325,20.326736111111114,82.40868055555556,56.675,848.8138888888889,418.9201388888889,0.3506944444444445,0.7999999999999999
2026-04-15 00:00:00+00:00,27.175,20.414236111111112,82.67256944444445,53.75,848.13125,407.68402777777777,0.27187500000000003,0.0
2026-04-16 00:00:00+00:00,26.4,20.06701388888889,84.95625,60.875,847.6013888888889,397.3923611111111,0.240625,0.0
2026-04-17 00:00:00+00:00,26.9,20.20763888888889,84.31111111111112,54.175,847.9895833333334,386.0729166666667,0.20243055555555556,0.2
2026-04-18 00:00:00+00:00,27.175,20.072916666666668,84.46319444444444,56.6,848.4524305555556,388.4895833333333,0.21840277777777775,0.1
2026-04-19 00:00:00+00:00,25.925,20.075347222222224,84.10972222222222,58.725,848.3121527777779,379.7743055555556,0.26493055555555556,0.4
2026-04-20 00:00:00+00:00,25.975,20.40173611111111,81.34131944444444,57.05,848.0152777777777,399.62152777777777,0.23124999999999998,0.1
2026-04-21 00:00:00+00:00,26.7,19.883333333333333,85.12118055555555,55.525,848.3729166666667,394.34375,0.17916666666666667,0.4
2026-04-22 00:00:00+00:00,26.875,20.666666666666668,81.15555555555555,57.55,847.760763888889,384.0555555555556,0.1954861111111111,0.0
2026-04-23 00:00:00+00:00,25.333333333333332,20.296180555555555,81.0513888888889,61.075,848.0090277777778,384.2013888888889,0.2711805555555556,0.1
2026-04-24 00:00:00+00:00,27.025,20.778125,77.32430555555555,50.45,847.3006944444445,403.3020833333333,0.2107638888888889,0.0
2026-04-25 00:00:00+00:00,26.4,21.063541666666666,78.70138888888889,56.125,848.2461805555555,397.4166666666667,0.2388888888888889,0.0
2026-04-26 00:00:00+00:00,28.325,21.147916666666667,80.8482638888889,50.725,849.1302083333334,409.22222222222223,0.25277777777777777,0.6000000000000001
2026-04-27 00:00:00+00:00,26.45,20.57777777777778,83.640625,60.0,848.8312500000001,394.2395833333333,0.2722222222222222,2.8
2026-04-28 00:00:00+00:00,27.025,19.70625,87.27708333333334,58.825,848.6947916666667,403.7951388888889,0.21562499999999998,0.7
2026-04-29 00:00:00+00:00,24.7,18.614930555555556,89.28680555555555,63.5,849.7746527777778,358.37152777777777,0.08645833333333335,0.30000000000000004
2026-04-30 00:00:00+00:00,25.875,19.963541666666668,84.49236111111111,59.099999999999994,849.7322916666667,394.6701388888889,0.2388888888888889,0.5
2026-05-01 00:00:00+00:00,26.15,20.121527777777775,84.54548611111112,60.8,849.8951388888889,375.5451388888889,0.12291666666666667,0.5
2026-05-02 00:00:00+00:00,27.925,21.119097222222223,79.23368055555555,51.125,850.2472222222223,428.8333333333333,0.15659722222222225,0.0
2026-05-03 00:00:00+00:00,26.825000000000003,21.349305555555556,77.865625,52.9,850.7527777777777,429.1631944444444,0.2916666666666667,0.0
2026-05-04 00:00:00+00:00,26.5,21.19861111111111,77.28611111111111,55.225,850.1013888888889,421.6180555555556,0.20729166666666665,0.0
2026-05-05 00:00:00+00:00,27.0,21.041666666666668,78.16805555555555,52.35,849.1520833333334,403.4861111111111,0.16909722222222223,0.0
2026-05-06 00:00:00+00:00,26.275,21.587152777777778,76.77708333333334,55.825,848.5673611111112,390.3888888888889,0.16979166666666667,0.0
2026-05-07 00:00:00+00:00,27.3,21.168055555555554,79.07638888888889,53.85,848.5510416666666,396.84722222222223,0.14583333333333334,0.0
2026-05-08 00:00:00+00:00,27.05,20.288888888888888,83.97152777777778,51.525,848.6916666666666,409.3263888888889,0.24791666666666667,0.2
2026-05-09 00:00:00+00:00,26.5,20.93402777777778,82.265625,59.65,849.0993055555556,403.3958333333333,0.16458333333333333,0.0
2026-05-10 00:00:00+00:00,27.625,20.97048611111111,75.07951388888888,45.65,849.8864583333334,425.5868055555556,0.19791666666666666,0.0
2026-05-11 00:00:00+00:00,27.525,20.361805555555556,79.14548611111111,50.375,850.6,416.8194444444444,0.3326388888888889,0.0
2026-05-12 00:00:00+00:00,27.2,20.005208333333332,83.86562500000001,55.05,850.9017361111111,395.6319444444444,0.2927083333333333,1.0
2026-05-13 00:00:00+00:00,26.525,20.93402777777778,77.26319444444444,58.6,850.0413194444445,378.4861111111111,0.19999999999999998,0.0
2026-05-14 00:00:00+00:00,28.675,21.33159722222222,70.62743055555556,47.6,850.2361111111112,433.9930555555556,0.25277777777777777,0.0
2026-05-15 00:00:00+00:00,26.8,20.945486111111112,73.88125000000001,49.925000000000004,849.7972222222221,407.375,0.19166666666666665,0.0
2026-05-16 00:00:00+00:00,26.975,20.809375,76.66284722222223,52.425,849.4663194444444,393.0173611111111,0.30277777777777776,0.0
2026-05-17 00:00:00+00:00,25.725,20.568402777777777,77.2375,56.7,850.2149305555555,386.65625,0.2670138888888889,0.0
2026-05-18 00:00:00+00:00,26.6,20.617013888888888,77.82187499999999,48.325,850.338888888889,381.1354166666667,0.2309027777777778,0.0
2026-05-19 00:00:00+00:00,27.85,21.06076388888889,75.11944444444444,45.9,850.379861111111,414.40972222222223,0.21562499999999998,0.0
2026-05-20 00:00:00+00:00,27.35,21.209722222222222,73.51076388888889,48.6,850.6572916666668,411.5173611111111,0.24756944444444443,0.0
2026-05-21 00:00:00+00:00,27.9,20.638194444444444,78.32604166666667,47.925,851.2520833333333,383.84375,0.165625,0.0
2026-05-22 00:00:00+00:00,28.625,21.24965277777778,72.74965277777777,47.15,851.5343750000001,436.28472222222223,0.3434027777777778,0.0
2026-05-23 00:00:00+00:00,27.4,20.898958333333333,74.09895833333333,48.15,852.0833333333334,435.3020833333333,0.2815972222222222,0.0
2026-05-24 00:00:00+00:00,26.175,19.841319444444444,78.61909722222222,56.475,852.4315972222222,412.9548611111111,0.27291666666666664,0.0
2026-05-25 00:00:00+00:00,25.125,19.40138888888889,76.95833333333333,52.45,852.3503472222222,366.1111111111111,0.14930555555555555,0.0
2026-05-26 00:00:00+00:00,25.6,20.17534722222222,71.54930555555556,48.5,851.6621527777778,387.0694444444444,0.22465277777777778,0.0
2026-05-27 00:00:00+00:00,24.424999999999997,19.679166666666667,73.78923611111111,56.625,851.9368055555556,362.7291666666667,0.19166666666666668,0.0
2026-05-28 00:00:00+00:00,26.575,20.09722222222222,72.74409722222222,48.925,852.3819444444445,376.9270833333333,0.13749999999999998,0.0
2026-05-29 00:00:00+00:00,24.675,19.974652777777777,74.45208333333333,55.15,852.6784722222222,356.5208333333333,0.16354166666666667,0.0
2026-05-30 00:00:00+00:00,22.9,18.96527777777778,83.22569444444444,65.95,852.1791666666667,317.03125,0.08645833333333335,0.0
2026-05-31 00:00:00+00:00,25.475,20.160069444444442,74.80069444444445,53.2,851.7822916666668,343.77777777777777,0.12638888888888888,0.0
2026-06-01 00:00:00+00:00,23.625,19.60486111111111,76.66944444444444,55.4,852.2645833333332,345.3020833333333,0.28229166666666666,0.0
2026-06-02 00:00:00+00:00,23.35,19.194444444444446,77.83958333333334,54.425,852.8569444444444,341.6423611111111,0.12395833333333334,0.1
2026-06-03 00:00:00+00:00,24.475,19.670486111111114,77.23645833333333,58.45,852.3184027777778,348.7013888888889,0.11909722222222223,0.0
2026-06-04 00:00:00+00:00,26.833333333333332,20.349305555555556,73.45729166666666,51.199999999999996,851.3694444444444,363.8888888888889,0.13749999999999998,0.0
2026-06-05 00:00:00+00:00,27.3,20.238541666666666,71.52430555555556,46.13333333333333,851.0920138888888,426.46527777777777,0.2520833333333333,0.0
2026-06-06 00:00:00+00:00,27.6,20.712152777777778,71.67465277777778,51.125,852.0270833333333,402.6770833333333,0.20972222222222223,0.0
2026-06-07 00:00:00+00:00,25.85,20.046180555555555,73.14270833333333,51.2,853.2270833333333,371.0486111111111,0.14375000000000002,0.0
2026-06-08 00:00:00+00:00,27.35,20.602777777777778,70.84479166666667,44.775,852.7663194444444,395.7673611111111,0.25277777777777777,0.0
2026-06-09 00:00:00+00:00,27.225,19.706944444444446,73.45972222222223,46.275,851.7819444444444,390.8194444444444,0.18125,0.0
2026-06-10 00:00:00+00:00,26.275,20.065277777777776,70.82638888888889,46.825,851.4381944444444,385.3680555555556,0.24895833333333336,0.0
2026-06-11 00:00:00+00:00,26.825000000000003,20.306250000000002,70.56493055555556,45.25,851.7913194444444,379.28125,0.17847222222222223,0.0
2026-06-12 00:00:00+00:00,25.825,20.420833333333334,72.46597222222222,50.275,852.06875,369.4756944444444,0.2215277777777778,0.0
2026-06-13 00:00:00+00:00,23.174999999999997,18.773958333333333,78.4798611111111,63.2,852.942361111111,340.67361111111114,0.19062500000000002,0.0
2026-06-14 00:00:00+00:00,23.325,18.480555555555554,75.46145833333334,53.1,852.71875,346.8819444444444,0.2034722222222222,0.0
2026-06-15 00:00:00+00:00,25.9,18.933333333333334,65.07395833333334,32.525,852.6993055555555,427.78472222222223,0.1996527777777778,0.0
2026-06-16 00:00:00+00:00,26.875,19.20347222222222,67.98472222222223,41.75,853.8802083333334,419.5520833333333,0.25555555555555554,0.0
2026-06-17 00:00:00+00:00,23.75,19.007986111111112,73.61979166666667,53.25,853.4562500000001,343.3958333333333,0.21354166666666666,0.0
2026-06-18 00:00:00+00:00,26.3,19.822916666666668,73.38784722222222,48.175,851.2760416666666,375.4930555555556,0.25937499999999997,0.0
2026-06-19 00:00:00+00:00,24.55,19.76736111111111,74.46249999999999,54.15,850.5583333333334,347.4131944444444,0.27534722222222224,0.0
2026-06-20 00:00:00+00:00,24.125,19.32986111111111,74.49270833333334,56.675,851.6881944444444,371.8020833333333,0.2673611111111111,0.0
2026-06-21 00:00:00+00:00,26.55,19.39097222222222,70.64166666666667,45.9,851.4583333333334,379.1458333333333,0.3128472222222222,0.0
2026-06-22 00:00:00+00:00,22.675,18.487152777777776,68.56979166666666,57.675,851.80625,338.20486111111114,0.18958333333333333,0.0
2026-06-23 00:00:00+00:00,22.025,18.215625,72.628125,57.925,852.1097222222223,342.0486111111111,0.11631944444444443,0.0
2026-06-24 00:00:00+00:00,22.625,18.527430555555554,78.703125,62.55,852.4625,320.31597222222223,0.1170138888888889,0.0
2026-06-25 00:00:00+00:00,26.05,19.494097222222223,75.77291666666666,52.2,852.5128472222223,369.84375,0.2465277777777778,0.0
2026-06-26 00:00:00+00:00,26.8,20.330902777777776,68.0892361111111,47.025,851.8038194444445,391.7395833333333,0.23923611111111112,0.0
2026-06-27 00:00:00+00:00,26.825,18.52048611111111,74.56111111111112,47.725,851.7937499999999,380.9201388888889,0.24583333333333335,0.0
2026-06-28 00:00:00+00:00,25.625,19.515625,64.16458333333334,47.05,851.5222222222222,391.1423611111111,0.23263888888888892,0.0
2026-06-29 00:00:00+00:00,24.375,18.980208333333334,74.79201388888889,54.775,851.5618055555556,345.69097222222223,0.21805555555555556,0.0
2026-06-30 00:00:00+00:00,25.175,19.397916666666667,75.03645833333333,52.075,851.2826388888889,337.29861111111114,0.21597222222222223,0.0
2026-07-01 00:00:00+00:00,24.075,18.346180555555556,74.42951388888889,54.975,851.2166666666667,333.35763888888886,0.2236111111111111,0.0
2026-07-02 00:00:00+00:00,28.025,19.804861111111112,69.25347222222221,43.625,851.1350694444445,407.3680555555556,0.3145833333333333,0.0
2026-07-03 00:00:00+00:00,27.175,20.047916666666666,67.36909722222222,45.725,851.8256944444444,410.55902777777777,0.31736111111111115,0.0
2026-07-04 00:00:00+00:00,25.099999999999998,18.48784722222222,76.7767361111111,55.1,851.9003472222222,347.2361111111111,0.2899305555555555,0.0
2026-07-05 00:00:00+00:00,19.75,17.243750000000002,83.23090277777779,73.875,852.1854166666667,294.82638888888886,0.08472222222222221,0.0
2026-07-06 00:00:00+00:00,26.275,19.78263888888889,64.61979166666667,38.525,853.6569444444444,387.6006944444444,0.3263888888888889,0.0
2026-07-07 00:00:00+00:00,25.675,18.96875,70.85243055555556,44.15,854.5083333333333,397.15972222222223,0.18437499999999998,0.0
2026-07-08 00:00:00+00:00,26.975,20.189930555555556,69.15104166666667,38.474999999999994,852.6819444444445,400.84722222222223,0.21701388888888887,0.0
2026-07-09 00:00:00+00:00,26.400000000000002,20.772916666666667,67.26875,49.699999999999996,850.8770833333333,376.3541666666667,0.2708333333333333,0.0
2026-07-10 00:00:00+00:00,23.1,18.845138888888886,77.03854166666666,62.75,851.5222222222222,321.5729166666667,0.22569444444444445,0.0
2026-07-11 00:00:00+00:00,23.633333333333336,17.637847222222224,84.96249999999999,61.300000000000004,851.9524305555556,318.85069444444446,0.12881944444444446,0.1
2026-07-12 00:00:00+00:00,26.625,19.696527777777778,69.98055555555555,47.675,851.2822916666668,380.5069444444444,0.17256944444444444,0.0
2026-07-13 00:00:00+00:00,27.450000000000003,19.840625,62.677083333333336,42.55,850.8881944444444,408.4375,0.2760416666666667,0.0
2026-07-14 00:00:00+00:00,26.825,19.13576388888889,65.8125,43.175,851.2628472222223,419.2291666666667,0.26631944444444444,0.0
2026-07-15 00:00:00+00:00,27.125,20.186805555555555,66.34340277777778,41.875,851.9267361111112,399.7743055555556,0.23298611111111112,0.0
2026-07-16 00:00:00+00:00,28.1,20.5,65.85451388888889,42.65,851.7479166666667,411.8194444444444,0.32534722222222223,0.0
2026-07-17 00:00:00+00:00,22.75,18.450347222222224,72.09722222222221,57.0,851.6878472222221,342.3229166666667,0.23576388888888888,0.0
2026-07-18 00:00:00+00:00,26.924999999999997,19.778472222222224,67.26944444444445,44.075,851.2395833333334,380.8194444444444,0.22395833333333334,0.0
2026-07-19 00:00:00+00:00,28.825,19.929166666666667,64.91493055555556,39.525,850.525,415.8541666666667,0.17708333333333334,0.0
2026-07-20 00:00:00+00:00,25.7,18.512847222222224,75.72777777777777,52.95,850.4302083333333,372.34722222222223,0.2638888888888889,0.0
2026-07-21 00:00:00+00:00,28.325,20.43263888888889,66.20416666666667,44.2,850.4204861111111,417.31597222222223,0.3128472222222222,0.0
2026-07-22 00:00:00+00:00,23.8,18.057291666666668,76.20347222222222,53.73333333333333,852.0861111111111,321.28472222222223,0.15138888888888888,0.0
2026-07-23 00:00:00+00:00,24.825,18.771527777777777,72.90243055555555,51.325,851.7315972222223,341.31597222222223,0.25937499999999997,0.0
2026-07-24 00:00:00+00:00,26.675,19.977430555555557,68.11111111111111,46.575,851.0597222222223,400.8541666666667,0.3020833333333333,0.0
2026-07-25 00:00:00+00:00,24.225,19.09340277777778,73.12291666666667,54.3,851.2322916666667,335.8541666666667,0.23229166666666667,0.0
2026-07-26 00:00:00+00:00,22.875,18.833680555555556,73.99027777777778,58.425,851.1687499999999,327.7395833333333,0.2520833333333333,0.0
2026-07-27 00:00:00+00:00,22.05,17.57326388888889,81.96597222222222,65.55,850.5295138888888,313.875,0.13854166666666667,0.0
2026-07-28 00:00:00+00:00,23.025,18.443055555555556,74.65590277777777,59.575,850.9277777777778,355.9270833333333,0.346875,0.0
2026-07-29 00:00:00+00:00,26.675,19.945833333333333,66.515625,45.225,851.8277777777779,378.80902777777777,0.24930555555555556,0.0
2026-07-30 00:00:00+00:00,26.75,19.621875,68.52743055555555,46.975,851.7642361111111,399.43402777777777,0.2708333333333333,0.0
2026-07-31 00:00:00+00:00,26.225,19.23472222222222,69.66944444444444,47.15,850.9343749999999,379.4861111111111,0.26840277777777777,0.0
2026-08-01 00:00:00+00:00,23.475,18.070138888888888,77.28541666666668,57.675,850.8246527777778,335.92361111111114,0.2878472222222222,0.0
2026-08-02 00:00:00+00:00,24.525,18.3625,76.03402777777778,55.05,851.0861111111111,355.7951388888889,0.225,0.0
2026-08-03 00:00:00+00:00,21.125,17.182291666666668,77.87152777777779,61.75,851.9993055555556,312.71875,0.18159722222222222,0.0
2026-08-04 00:00:00+00:00,19.8,17.39409722222222,78.97291666666666,70.25,852.5965277777777,295.24305555555554,0.10659722222222223,0.0
2026-08-05 00:00:00+00:00,27.15,19.205555555555556,64.54513888888889,37.25,852.0861111111111,425.2604166666667,0.3572916666666666,0.0
2026-08-06 00:00:00+00:00,25.625,19.809375,68.621875,48.6,852.0086805555555,396.40972222222223,0.35659722222222223,0.0
2026-08-07 00:00:00+00:00,25.8,20.181250000000002,65.07187499999999,46.075,851.7798611111111,370.0138888888889,0.4836805555555556,0.0
2026-08-08 00:00:00+00:00,24.675,19.057291666666668,70.97847222222222,49.45,851.9753472222222,336.7395833333333,0.2732638888888889,0.0
2026-08-09 00:00:00+00:00,23.925,18.65416666666667,71.49201388888889,51.325,851.5746527777778,331.19444444444446,0.1996527777777778,0.0
2026-08-10 00:00:00+00:00,27.55,19.171180555555555,61.47777777777778,33.725,851.5041666666666,410.4201388888889,0.3017361111111111,0.0
2026-08-11 00:00:00+00:00,28.05,18.691666666666666,60.14652777777778,35.05,851.6774305555556,430.375,0.2756944444444444,0.0
2026-08-12 00:00:00+00:00,29.675,19.849999999999998,58.640277777777776,33.949999999999996,852.4538194444444,432.90277777777777,0.3236111111111111,0.0
2026-08-13 00:00:00+00:00,28.174999999999997,19.275694444444444,54.95347222222222,28.4,853.2350694444444,437.2013888888889,0.3597222222222222,0.0
2026-08-14 00:00:00+00:00,27.425,19.251041666666666,57.651041666666664,34.45,852.1208333333334,414.5555555555556,0.3732638888888889,0.0
2026-08-15 00:00:00+00:00,,,,,,,,0.0
2026-08-16 00:00:00+00:00,,,,,,,,0.0
2026-08-17 00:00:00+00:00,,,,,,,,0.0
2026-08-18 00:00:00+00:00,,,,,,,,0.0
2026-08-19 00:00:00+00:00,,,,,,,,0.0
2026-08-20 00:00:00+00:00,,,,,,,,0.0
2026-08-21 00:00:00+00:00,,,,,,,,0.0
2026-08-22 00:00:00+00:00,,,,,,,,0.0
2026-08-23 00:00:00+00:00,,,,,,,,0.0
2026-08-24 00:00:00+00:00,,,,,,,,0.0
2026-08-25 00:00:00+00:00,,,,,,,,0.0
2026-08-26 00:00:00+00:00,,,,,,,,0.0
2026-08-27 00:00:00+00:00,,,,,,,,0.0
2026-08-28 00:00:00+00:00,26.87,19.778930247093967,60.19245571952724,33.99666666666666,853.0540888612896,449.3277595136048,0.5031116468601857,0.0
2026-08-29 00:00:00+00:00,26.60169491525424,19.863395675043833,57.0743349811676,32.88813559322034,853.419788663225,436.26437187479706,0.5593131047470615,0.0
2026-08-30 00:00:00+00:00,25.501666666666665,19.751145183940515,67.45440592733294,40.57,853.6842159900806,404.51685316416655,0.6960749277550491,0.0
2026-08-31 00:00:00+00:00,21.483050847457626,17.989216142281965,75.64354255958179,59.84237288135593,853.259862612832,307.650000811741,0.46509217319306445,0.2
2026-09-01 00:00:00+00:00,25.96206896551724,20.037139510084387,66.4080124670604,42.891525423728815,853.0712446104668,374.8420571568215,0.5387472870760576,0.0
