prompt,completion,enhanced_prompt,enhanced_completion
"Location JKUAT: 30-day rainfall z=-0.4, humidity trend=-0.1, temp z=+0.2, dry spell=3 days",NORMAL: Conditions within the seasonal fingerprint. Continue routine monitoring.,,"### Executive Summary
**Status: Near-Normal with a Mild Dry/Warm Bias (GREEN / Caution)**
Current conditions at JKUAT (Juja, Kenya) are within standard statistical variability, though leaning slightly drier and warmer than the long-term average. There are no indications of extreme weather or severe drought stress at this stage.

### Metric Analysis
*   **30-Day Rainfall ($z = -0.4$):** Rainfall is 0.4 standard deviations **below the historical average**. This indicates a mild moisture shortfall rather than a severe deficit.
*   **Humidity Trend ($-0.1$):** A **slight downward trend** in air moisture, consistent with the lower rainfall and reduced cloud cover.
*   **Temperature ($z = +0.2$):** Temperatures are marginally **above average**, which aligns with the drier conditions and increases evapotranspiration rates.
*   **Dry Spell (3 days):** A short break in precipitation. In the semi-arid Juja context, a 3-day dry spell is common, though it becomes agriculturally significant if it extends beyond 7–10 days.

### Agricultural & Operational Implications
*   **Soil Moisture & Crops:** Soil moisture reserves are likely adequate but depleting slightly faster than normal. Established field crops should withstand the current dry spell, but shallow-rooted crops, seedlings, or crops in critical growth stages (e.g., flowering) may begin to show mild stress soon.
*   **Pest & Disease:** The slightly warmer and drier conditions may favor sucking pests (such as aphids, thrips, and mites) over fungal diseases. 
*   **Campus Operations:** The combination of dropping humidity and warmer temperatures may lead to increased dust suspension and slightly hazier conditions around campus. Conditions are generally favorable for outdoor activities and construction, though concrete curing may require slight additional watering to prevent rapid drying.

### Strategic Recommendations
1.  **Monitor the Dry Spell:** Watch the 5-to-7-day mark. If no rain occurs, the rainfall $z$-score will likely drop further, signaling a genuine moisture deficit and requiring supplemental irrigation.
2.  **Seasonal Context:** 
    *   *If during the onset of rainy seasons (Mar–May or Oct–Dec):* The $z=-0.4$ suggests a ""false start"" risk. Farmers should hold off on planting sensitive crops until consistent rainfall resumes.
    *   *If during the dry season (Jan–Feb or Jun–Sep):* These conditions are perfectly normal and expected.
3.  **Field Management:** Apply mulch to reduce soil moisture loss. If crops are ready, the current 3-day dry window offers a good opportunity for harvesting and drying produce without rain interference."
"Location JKUAT: 30-day rainfall z=-2.1, humidity trend=-0.8, temp z=+1.3, dry spell=18 days",WARNING: Low rainfall and declining soil moisture with above-average temperatures. Recommend inspecting water availability.,,"Based on the meteorological data provided for JKUAT (Juja, Kenya), here is an analysis of the current agro-climatic conditions, associated risks, and recommended actions.

### 1. Data Interpretation & Statistical Significance
*   **30-Day Rainfall (z = -2.1):** An extreme deficit. This z-score indicates rainfall is roughly 2.1 standard deviations below the historical mean, placing it in the bottom ~1.8% of historical records. This is a statistically significant anomaly, not a typical dry month.
*   **Temperature (z = +1.3):** Significantly high. Temperatures are 1.3 standard deviations above average (top ~10% of historical norms), which drastically increases evapotranspiration rates.
*   **Humidity Trend (-0.8):** A declining trend. The progressively drying air reduces dew formation and creates a high Vapor Pressure Deficit (VPD), rapidly stripping moisture from vegetation and soil.
*   **Dry Spell (18 Days):** Critical duration. Nearly three weeks without significant precipitation is sufficient to deplete topsoil moisture in the region's climate.

### 2. Combined Impact & Risk Assessment
**Status: Severe Drought Alert.** The compounding effect of severe rainfall deficit, above-average heat, and prolonged dryness creates a systemic stress event.

*   **Agricultural (Critical):** High risk of permanent wilting in shallow-rooted crops and total failure for vegetables or rain-fed staples. Pollination failure is probable if crops are in the flowering stage. Experimental plots and local pasture are at severe risk.
*   **Water Resources (High):** Topsoil is likely dust-dry, forcing deep-rooted vegetation to exhaust subsoil moisture. Local dams, boreholes, and university reservoirs are experiencing rapid drawdown with zero recharge.
*   **Fire Hazard (High):** Dry biomass and low humidity significantly elevate the risk of brush and wildfires around the campus perimeter and nearby settlements.
*   **Human Health (Moderate):** High temperatures and dropping humidity increase the risk of dehydration and heat exhaustion for outdoor workers and students. Dry, dusty conditions may aggravate respiratory issues.

### 3. Recommended Actions

**Agriculture & Environmental Management:**
*   **Irrigation Prioritization:** Shift to drip irrigation immediately and water during early morning or night to minimize evaporation losses. Prioritize high-value research plots and perennial crops; sacrifice annual crops if water reserves are critically low.
*   **Soil Conservation:** Apply heavy organic mulch to bare soil surfaces to reduce evaporation caused by the temperature anomaly.
*   **Pest & Livestock Monitoring:** Closely monitor for pests that thrive in hot, dry conditions (e.g., spider mites). Provide supplemental feeding and constant water access for university livestock.

**Campus Operations & Safety:**
*   **Water Rationing:** Enforce immediate water conservation measures in hostels and staff quarters. Check infrastructure for leaks and prioritize water for sanitation and fire safety.
*   **Fire Mitigation:** Clear dry vegetation to create fire breaks around key infrastructure, research farms, and campus boundaries.
*   **Health Advisories:** Issue heat advisories for students and staff involved in outdoor activities or sports. Increase dust suppression measures (e.g., watering dirt roads) and advise keeping windows closed during windy afternoons.

**Research:**
*   **Data Logging:** Document this $z = -2.1$ anomaly meticulously. It serves as a prime case study for climate resilience and climate change research."
"Location JKUAT: 30-day rainfall z=-1.2, humidity trend=-0.5, temp z=+0.8, dry spell=9 days",WATCH: Rainfall below seasonal baseline with a developing dry spell. Monitor daily and verify rain gauges.,,"Based on the meteorological data provided for **JKUAT (Juja, Kenya)**, here is an analysis of the current agro-climatic conditions, their impacts, and recommended actions.

### **1. Meteorological Assessment**
*   **30-Day Rainfall ($z = -1.2$):** Rainfall is 1.2 standard deviations below the historical mean (roughly the 11th percentile), indicating a **moderate precipitation deficit**.
*   **Temperature ($z = +0.8$):** Temperatures are 0.8 standard deviations above average (approx. 79th percentile), increasing atmospheric water demand.
*   **Humidity Trend ($-0.5$):** Atmospheric moisture is decreasing. Combined with higher temperatures, this elevates the **Vapor Pressure Deficit (VPD)**, accelerating plant transpiration.
*   **Dry Spell (9 Days):** Nine consecutive days without significant rainfall is rapidly depleting surface soil moisture.

### **2. Synthesized Impact Analysis**
**Status: Moderate Agro-Meteorological Stress**
The combination of low rainfall, elevated temperatures, falling humidity, and a prolonged dry spell creates a high-stress environment with a negative water balance (losses exceeding inputs). 

*   **Soil Moisture & Crops:** Topsoil is likely dry, affecting germination and shallow-rooted crops. Sensitive crops and young seedlings are likely experiencing afternoon wilting. 
*   **Seasonal Context:** 
    *   *If during Long/Short Rains:* This signals a high risk of crop failure or a delayed/false start to the season. Planting should be delayed until soil moisture recharges.
    *   *If during the Dry Season:* While typical, the temperature anomaly still necessitates extra care for vegetation and livestock.
*   **Health & Environment:** Higher temperatures increase the risk of heat exhaustion for outdoor workers and students. Additionally, dry biomass combined with warm temperatures elevates the risk of bush fires.

### **3. Recommendations**
1.  **Irrigation & Water Management:** Prioritize supplemental irrigation for high-value crops and research plots, watering early in the morning or late evening to minimize evaporation. Implement water conservation measures, as shallow wells and campus dams may see receding levels.
2.  **Soil Conservation:** Apply mulch immediately to retain soil moisture and lower soil temperature. Avoid deep tillage, which exposes moist subsoil to dry air.
3.  **Crop Monitoring:** Scout for pest outbreaks (e.g., aphids, mites) that thrive in hot, dry conditions, and monitor plants for heat stress symptoms like leaf curling.
4.  **Water Harvesting:** Capture any future rainfall in tanks or dams, as the negative z-score suggests the season may remain below average.

**Summary:** The environment at JKUAT is currently hostile to rain-fed agriculture. Without immediate intervention or a shift in weather patterns, vegetation and water reserves in the Juja vicinity will face significant strain."
