date,rain_7d,rain_30d,humidity_7d,humidity_min_7d,tempmax_7d,light_7d,humidity_trend,temp_trend,dry_spell,temp_mean_z,humidity_mean_z,rain_mm_z,rain_deficit_30d,y,stress_score
14,0.4,1.1,71.77137896825397,38.275,31.15,429.31448412698415,0.35813492063492447,1.3499999999999979,0,-2.3794117319643395,2.149445839503109,-0.44552426447725796,0.8655172413793104,0,0.17614026126197235
15,0.8,1.5,71.59181547619048,38.275,31.15,425.55059523809524,-0.6444940476190482,1.3499999999999979,0,-0.7219238671981483,1.0221777021138756,2.3219501553969644,0.40000000000000013,0,0.0842104819944832
16,1.2000000000000002,1.9000000000000001,71.79087301587302,38.275,31.15,421.7296626984127,-0.9681547619047564,1.3499999999999979,0,-0.28167035284800424,0.9328704302366652,2.678948987339564,0.0,0,0.0
17,1.2000000000000002,1.9000000000000001,71.7859126984127,38.275,31.15,424.6656746031746,-1.6131944444444457,2.083333333333332,0,0.7077383717373535,0.37376851201838834,-0.3827069981913663,0.0,0,0.035386918586867676
18,1.2000000000000002,1.9000000000000001,71.78874007936508,38.275,31.15,422.1785714285715,-1.6306547619047649,1.0999999999999979,0,-0.3392074810007334,0.2684176968028471,-0.3827069981913663,0.0,0,0.0
19,1.2000000000000002,1.9000000000000001,71.66607142857143,37.2,29.55,421.9732142857143,-0.5590773809523881,-1.5999999999999979,0,0.04142980552529714,-0.20172388733338192,-0.3827069981913663,0.0,0,0.01888181422071335
20,0.8,1.9000000000000001,71.03298611111111,32.4,31.875,427.53472222222223,-0.5891369047619008,0.7250000000000014,0,0.8476224809508248,-0.19231191642370285,-0.3827069981913663,0.0,0,0.05840711708284981
21,0.8,1.9000000000000001,68.44275793650793,32.4,31.875,445.42013888888886,-3.3286210317460387,0.7250000000000014,0,0.7369992712323565,0.16985441668032059,-0.3827069981913663,0.0,0,0.03684996356161783
22,0.4,1.9000000000000001,66.18819444444445,32.4,31.875,456.63640873015873,-5.403621031746027,0.7250000000000014,0,-0.19377600465386105,-0.6063066663349813,-0.3277306934167251,0.0,0,0.05052555552791511
23,0.0,1.9000000000000001,63.91155753968254,32.4,31.875,461.69593253968253,-7.879315476190477,0.7250000000000014,0,-0.7878218237727664,-0.7324047868613172,-0.3277306934167251,0.0,0,0.0610337322384431
24,0.0,1.9000000000000001,62.103075396825396,32.4,31.875,463.4042658730159,-9.682837301587305,0.7250000000000014,0,-0.20595723340222374,-0.9077547393104611,-0.3277306934167251,0.0,0,0.07564622827587177
25,0.0,1.9000000000000001,60.24712301587301,32.4,31.875,464.23859126984127,-11.541617063492076,0.7250000000000014,0,-0.3275280535552257,-1.0903328707878448,-0.3277306934167251,0.0,0,0.09086107256565373
26,0.0,1.9000000000000001,59.28377976190476,32.4,31.875,462.6706349206349,-12.382291666666667,2.3249999999999993,0,-0.3031794936548398,-0.7124320211902474,-0.3277306934167251,0.0,0,0.059369335099187286
27,0.0,1.9000000000000001,58.59930555555555,33.35,30.125,461.0729166666667,-12.433680555555561,-1.75,0,0.07447025483423618,-0.3945993806901402,-0.3277306934167251,0.0,0,0.03660679446589016
28,0.0,1.9000000000000001,56.87237103174603,29.675,30.225,460.03720238095235,-11.570386904761904,-1.6499999999999986,0,0.530345227484535,-0.9537087506574452,-0.2627691364061219,0.0,0,0.10599299059568051
29,0.0,1.9000000000000001,57.313541666666666,29.675,30.225,451.8501984126984,-8.874652777777783,-1.6499999999999986,0,-1.005401877892146,0.3627586969536479,-0.2627691364061219,0.0,0,0.0
30,0.0,1.5,57.85342261904761,29.675,30.225,447.4494047619047,-6.058134920634927,-1.6499999999999986,0,-0.603241026391056,0.3815141491031874,-0.18257418583505536,0.0,0,0.0
31,0.0,1.5,57.75367063492064,29.675,30.225,448.42162698412693,-4.349404761904758,-1.6499999999999986,0,-1.7185066442291634,-0.6762806926293244,0.0,0.0,0,0.05635672438577704
32,0.0,1.5,57.95069444444444,28.4,30.575,450.4588293650794,-2.296428571428571,-1.3000000000000007,0,-1.3099531758959313,-0.5491168484409347,0.0,0.0,0,0.04575973737007789
33,0.0,1.5,57.31339285714286,23.05,30.875,452.5357142857143,-1.9703869047619023,-1.0,0,0.18988706058170268,-1.4135943814305874,0.0,0.0,0,0.1272938848149674
34,0.0,1.5,57.73482142857143,23.05,30.875,451.4985119047619,-0.8644841269841237,0.75,0,0.2400408923691166,0.8466946229831874,0.0,0.0,0,0.01200204461845583
35,0.0,1.5,59.15515873015873,23.05,30.875,448.9136904761905,2.2827876984127045,0.6499999999999986,0,0.7058132502702479,1.5570936906223407,0.0,0.0,0,0.03529066251351239
36,0.0,1.5,59.441964285714285,23.05,30.875,449.29315476190476,2.128422619047619,0.6499999999999986,0,-0.042419049435937516,1.8024658905419844,0.0,0.0,0,0.0
37,0.0,1.2000000000000002,59.15897817460318,23.05,31.075,454.6537698412699,1.3055555555555642,0.8499999999999979,0,0.3064141657836939,0.7223841108867707,0.0,0.0,0,0.015320708289184696
38,0.0,1.2000000000000002,59.37931547619048,23.05,31.3,454.2142857142857,1.625644841269839,1.0749999999999993,0,0.5172081348774313,0.06270585455091952,0.0,0.0,0,0.025860406743871567
39,0.0,1.2000000000000002,60.222073412698414,23.05,31.3,447.8814484126984,2.271378968253977,0.7250000000000014,0,-1.5712147038637598,1.4026702206831383,0.0,0.0,0,0.0
40,0.0,1.2000000000000002,60.49955357142857,29.375,31.3,446.55853174603175,3.1861607142857125,0.4250000000000007,0,-0.7604773282411026,-0.8002881727123501,0.0,0.0,0,0.0666906810593625
41,0.0,1.2000000000000002,59.23720238095238,28.5,31.5,448.20982142857144,1.5023809523809533,0.625,0,-0.09277729452078924,-1.290875973232745,0.0,0.0,0,0.10757299776939543
42,0.0,1.2000000000000002,57.421081349206354,22.925,33.1,451.75396825396825,-1.7340773809523782,2.2250000000000014,0,0.932466182974719,-1.6611136985677595,0.0,0.0,0,0.18504945069604922
43,0.0,0.8,56.193204365079374,22.925,33.1,459.73412698412693,-3.2487599206349103,2.2250000000000014,0,1.3908824955474008,-0.2990064290636591,0.0,0.0,0,0.09446132719934164
44,0.0,0.8,56.13377976190476,22.925,33.1,457.0515873015873,-3.0251984126984155,2.025000000000002,0,1.1051765011085715,0.6225160775283887,0.0,0.0,0,0.05525882505542857
45,0.0,0.4,56.43313492063492,22.925,33.1,455.0391865079365,-2.946180555555557,1.8000000000000007,0,-0.040526717123150015,0.7335230570874358,0.0,0.0,0,0.0
46,0.0,0.0,55.2062003968254,22.925,33.1,460.3988095238095,-5.015873015873012,1.8000000000000007,0,0.22558137783931106,-0.5913985535384401,0.0,0.0,0,0.060562281686835556
47,0.0,0.0,55.05074404761905,22.925,33.1,461.4295634920635,-5.448809523809523,1.8000000000000007,0,-0.36588532346973757,-0.6523944595568495,0.0,0.0,0,0.05436620496307079
48,0.0,0.0,55.697023809523806,22.925,33.1,460.76041666666663,-3.5401785714285765,1.6000000000000014,0,-0.6122096415190053,0.23671179596012473,0.0,0.0,0,0.0
49,0.0,0.0,56.23090277777778,28.825,32.65,460.3869047619047,-1.190178571428575,-0.45000000000000284,0,0.0678041047427223,-0.3195326257326475,0.0,0.0,0,0.03001792404819007
50,0.0,0.0,56.20649801587302,28.825,31.675,461.5461309523809,0.013293650793642087,-1.4250000000000007,0,-0.8850705024065316,-0.18050098236576964,0.0,0.0,0,0.015041748530480804
51,0.0,0.0,55.73551587301587,28.825,31.675,463.75347222222223,-0.3982638888888914,-1.4250000000000007,0,0.3597584956796648,-0.09647373027505474,0.0,0.0,0,0.026027402306904465
52,0.0,0.0,55.35352182539682,28.825,31.675,463.2569444444444,-1.079613095238102,-1.4250000000000007,0,0.47011426392390526,0.13730534263648395,0.0,0.0,0,0.023505713196195262
53,0.0,0.0,55.81359126984127,28.825,31.424999999999997,462.8070436507937,0.6073908730158664,-1.6750000000000043,0,1.0433292260182856,0.120131120067975,0.0,0.0,0,0.052166461300914284
54,0.0,0.0,56.334722222222226,30.3,31.424999999999997,461.687003968254,1.2839781746031775,-1.6750000000000043,0,0.4598950487670801,0.01926492906567786,-0.17960530202677488,0.4838709677419355,1,0.42299392577339584
55,0.0,0.0,55.84375,26.025,32.6,461.53125,0.14672619047619406,-0.5,0,1.7443275776627576,-0.4915879173628063,-0.25012215979228897,0.7741935483870968,1,0.5281815219973724
56,0.0,0.0,56.95128968253969,26.025,32.6,453.32787698412693,0.7203869047619094,-0.04999999999999716,0,0.5197068787667826,0.5089541001239887,-0.29961972427211936,0.967741935483871,1,0.4259849306054329
57,0.0,0.0,56.87390873015873,26.025,32.6,449.31398809523813,0.6674107142857153,0.9250000000000007,0,0.19214410510670868,-0.42501566852995376,-0.32399754732092517,1.8387096774193548,1,0.44502496008909026
58,0.0,0.0,56.04290674603175,26.025,32.6,449.7261904761904,0.3073908730158763,0.9250000000000007,0,-0.005598828731954205,-0.971273239636408,-0.2821458662007947,4.741935483870968,1,0.4809393522826436
59,0.0,0.0,54.93343253968254,26.025,32.6,454.1999007936508,-0.4200892857142762,0.9250000000000007,0,0.016930369427835636,-1.1113458817613984,-0.29954327882012555,5.032258064516129,1,0.493458595797678
60,0.0,0.0,53.487896825396824,22.575,32.6,455.43650793650795,-2.3256944444444443,1.1750000000000043,0,0.4179669886774352,-1.362286854223542,-0.33152420853225073,5.612903225806453,1,0.5344221826881452
61,0.0,0.0,52.580109126984134,22.575,32.825,456.5917658730159,-3.754613095238092,1.4000000000000057,0,0.6227685953733828,-1.015150997300408,-0.3816942932309003,6.774193548387098,1,0.5157342871627595
62,0.0,0.0,53.056498015873025,22.575,32.825,454.58978174603175,-2.787251984126975,0.22500000000000142,0,0.7057996179103891,-0.4861028813964242,-0.3816942932309003,6.774193548387098,1,0.47579849529761115
63,0.0,0.0,52.70391865079365,22.575,32.825,458.86607142857144,-4.2473710317460345,0.22500000000000142,0,0.5152660557228437,-0.2702484994903117,-0.38169429323090037,6.774193548387098,1,0.44828395202939114
64,0.0,0.0,53.32743055555556,22.575,32.825,456.52430555555554,-3.5464781746031733,0.22500000000000142,0,0.751802816670851,-0.38190162063213023,-0.38169429323090037,6.774193548387098,1,0.46941521683860976
65,0.0,0.0,55.609375,22.575,32.825,446.3764880952381,-0.43353174603174693,0.22500000000000142,0,-0.27969641846905435,0.11439403744213845,-0.4086444134882517,7.258064516129033,1,0.39999994488889645
66,0.0,0.0,57.73715277777778,22.575,32.825,440.15724206349205,2.803720238095238,0.22500000000000142,0,0.3442629468399102,-0.14626741763659604,-0.45805632681209785,8.516129032258064,1,0.42940205184202046
67,0.0,0.0,58.98258928571429,25.75,32.825,432.51091269841265,5.4946924603174665,0.22500000000000142,0,1.1512673203191786,-0.9052133445412357,-0.4990277132014221,9.38709677419355,1,0.532997768782716
68,0.0,0.0,59.75625,30.45,31.875,426.85267857142856,7.176140873015868,-0.9500000000000028,0,1.389820930118304,-0.9024220455997891,-0.5460850568276733,10.548387096774196,1,0.5446928457187452
69,0.5,0.5,62.520585317460316,30.45,31.875,416.9632936507937,9.464087301587291,-0.9500000000000028,0,-0.5154176566342195,0.6222346612310081,0.22134693625566443,10.241935483870968,1,0.3813813458774123
70,0.8,0.8,65.96964285714286,30.45,31.875,403.09871031746036,13.265724206349205,-0.9500000000000028,0,-1.5647610671195757,1.183378636670607,-0.09582249284116727,10.038709677419355,1,0.3704761562953547
71,1.0,1.0,69.1327876984127,30.45,31.875,395.6547619047619,15.80535714285714,-0.9500000000000028,0,-1.7844629545536939,0.9169409129098283,-0.25786599054748643,9.935483870967744,1,0.3634217956752931
72,1.9000000000000001,1.9000000000000001,69.85133928571429,30.45,31.875,399.20535714285717,14.241964285714289,-0.9500000000000028,0,0.06089264807646744,0.0788550574922566,0.8393285182526026,9.035483870967743,1,0.3335460771072311
73,4.9,4.9,73.17108134920636,30.45,31.875,388.05109126984127,15.43392857142858,-0.9500000000000028,1,-1.829468612107041,1.3148133381963605,4.130912044652869,6.035483870967743,1,0.2274336081304567
74,5.2,5.2,76.29925595238095,30.45,31.875,395.46775793650795,17.316666666666656,-0.9500000000000028,0,-0.2872831316769381,0.47441295517242266,-0.12203407359115354,6.122580645161288,1,0.21629627719320627
75,5.800000000000001,5.800000000000001,79.0968253968254,32.9,29.425,399.04216269841265,19.340575396825393,-2.4499999999999993,0,-0.5354219294599409,0.2735066753874412,0.34670931235761604,5.619354838709674,0,0.19683614095502713
76,6.500000000000001,7.000000000000001,79.25982142857143,32.9,29.425,404.5912698412698,16.73923611111111,-2.4499999999999993,1,-0.4496683651609583,0.4256717391825044,1.2909820254291797,4.612903225806449,0,0.16555554187345792
77,6.200000000000001,7.000000000000001,78.29930555555555,32.9,29.425,417.3194444444444,12.32966269841269,-2.4499999999999993,0,-0.2326324676090083,0.40287378277981434,-0.6216489846436939,4.709677419354835,0,0.16088152896053054
78,6.000000000000001,7.000000000000001,77.44608134920635,32.9,29.425,417.5962301587301,8.313293650793653,-2.4499999999999993,0,0.17217070645310978,0.13557981477354103,-0.621648984643694,4.709677419354837,0,0.16949006428318605
79,5.1000000000000005,7.000000000000001,78.09950396825397,42.75,29.05,415.3392857142857,8.24816468253968,-2.8249999999999993,0,0.37076092297159313,0.10753603221488081,-0.6350845964762633,4.903225806451609,0,0.18330768000262118
80,2.6000000000000005,7.500000000000001,77.38392857142857,42.75,29.05,418.91914682539675,4.212847222222209,-2.8249999999999993,0,-0.8329101333291007,0.8905686180066203,0.15071006377776722,4.693548387096771,0,0.15396824134122883
81,3.6000000000000005,8.8,78.36478174603175,45.7,28.65,408.80059523809524,2.0655257936508065,-3.2250000000000014,1,-0.9631906165282881,1.029317195170419,1.2221699781251043,5.3290322580645135,0,0.15753423589750076
82,3.9,9.700000000000001,79.36661706349206,50.525,27.4,402.51537698412704,0.2697916666666629,-2.025000000000002,0,-0.9192704593130064,0.793558766968112,0.6263790183337398,4.622580645161287,0,0.12909909008542383
83,3.9000000000000004,10.9,80.77693452380952,50.525,27.425,400.81448412698415,1.5171130952380878,-2.0,1,-1.6403146075109725,1.6303800573044966,1.0674656131034534,3.6161290322580637,0,0.10631110424671651
84,4.1000000000000005,11.100000000000001,81.02356150793652,50.525,27.425,404.5967261904762,2.7242559523809717,-2.0,0,0.133427905643545,0.22806816783162162,-0.44622775355198335,3.803225806451609,0,0.10874931051071532
85,4.2,11.200000000000001,81.5312996031746,50.525,27.425,409.23065476190476,4.08521825396825,-2.0,0,0.08629859388944013,0.13970229241427737,-0.5860607630713023,3.509677419354839,0,0.09975351969755032
86,4.300000000000001,11.3,82.1778273809524,52.225,27.425,406.40426587301585,4.078323412698424,-1.625,0,-0.15928073056420566,0.4111406206483787,-0.5739027707048677,3.2161290322580633,0,0.08862221611713621
87,3.8000000000000003,11.3,80.87346230158731,44.224999999999994,29.15,420.2787698412699,3.4895337301587404,0.09999999999999787,0,1.2291661491085402,-1.0751735037056145,-0.709747105841207,3.0225806451612893,1,0.23547050795151048
88,2.5,11.3,79.41502976190476,44.224999999999994,29.825,429.8050595238096,1.0502480158730094,1.1750000000000007,0,1.418517231389111,-1.0270870154317193,-0.6660172657519109,2.1516129032258053,1,0.22049725678012008
89,2.0,11.700000000000001,77.69424603174603,36.95,31.125,438.42162698412693,-1.6723710317460245,3.7250000000000014,0,2.0932042322064195,-1.7443451959884062,0.10018927677320072,0.0,1,0.2500223112760215
90,0.9,11.8,76.28085317460318,36.95,31.125,442.23908730158735,-4.496081349206335,3.6999999999999993,0,0.9463708105790484,-0.14114226327710802,-0.5054863300307929,0.0,0,0.05908039580204475
91,0.9,12.0,75.47410714285715,36.95,31.125,442.83482142857144,-5.54945436507937,3.6999999999999993,0,0.633370115627501,-0.9987479145199181,-0.258615230969718,0.0,0,0.11489749865803489
92,0.9,12.100000000000001,74.50749007936508,36.95,31.125,453.03224206349205,-7.023809523809518,3.6999999999999993,0,0.35262313196900336,-1.2898380264744693,-0.4052398346609475,0.0,0,0.12511765880465595
93,0.8,12.100000000000001,73.41557539682539,36.95,31.125,463.01388888888897,-8.762251984127005,3.6999999999999993,0,1.2087252518703644,-1.2179962942654665,-0.621833539393523,0.0,0,0.16193595378230707
94,1.0,12.3,73.54722222222222,36.95,31.125,455.155753968254,-7.326240079365093,1.9750000000000014,0,1.2956119252260527,-0.9060603104558905,-0.18864612992837212,0.0,0,0.14028562213262685
95,1.3,12.600000000000001,73.61165674603174,36.95,31.125,452.87896825396825,-5.803373015873021,1.3000000000000007,0,1.3404383730824663,-0.8391589688037244,0.02794757480420335,0.0,0,0.13695183272110034
96,2.9,14.600000000000001,75.97366071428573,45.8,29.5,438.50396825396825,-1.720585317460305,-1.625,1,-1.5141707513305047,2.002906535592702,3.7365028576653976,0.0,0,0.006666666666666667
97,3.0,14.8,76.41478174603175,45.8,29.5,438.1582341269841,0.1339285714285694,-1.625,0,-0.5413709487349742,0.7057632760653605,-0.06853211287971184,0.0,0,0.0
98,3.0,15.000000000000002,76.93492063492064,45.875,29.5,429.75644841269843,1.4608134920634939,-1.625,0,0.016028166357221547,0.06894523777625841,0.0,0.0,0,0.0008014083178610774
99,3.3,14.9,78.67351190476191,45.875,29.5,420.733630952381,4.166021825396825,-1.625,0,-1.70276896739966,1.9139787525686762,0.6316782644695179,0.0,0,0.0
100,3.6,14.9,80.30243055555556,45.875,29.5,408.92162698412693,6.886855158730171,-1.625,0,-2.0491694353844934,1.828771997552962,0.37239174430446365,0.0,0,0.0
101,3.5,14.8,81.03958333333334,47.300000000000004,29.175,408.60019841269843,7.492361111111123,-1.9499999999999993,0,-1.0791957025568824,0.6834366757919565,-0.1679859884123728,0.0,0,0.0
102,3.2,13.9,81.50357142857142,45.5,28.075,412.21775793650795,7.891914682539678,-3.0500000000000007,0,-0.26289841620416704,0.3551545261046828,-0.4320421022780161,0.0,0,0.0
103,1.2,10.9,80.95897817460317,45.5,28.075,419.6205357142857,4.985317460317447,-1.4250000000000007,0,-1.3035113763017847,1.68875649935704,-0.43204210227801615,0.0,0,0.0
104,1.0,10.6,80.18690476190476,45.5,28.075,423.1517857142857,3.7721230158730066,-1.4250000000000007,0,-0.6907283998247687,-0.1647887024573532,-0.4789112745523917,0.0,0,0.0137323918714461
105,0.9,10.1,79.93229166666666,44.875,28.25,427.68253968253964,2.997371031746013,-1.25,0,-0.6577371402581029,-0.15853656796481755,-0.22096991147081874,0.0,0,0.013211380663734796
106,0.5,8.9,78.7860119047619,44.875,28.25,430.3328373015873,0.11249999999999716,-1.25,0,-0.14994387095329337,0.0382577738290097,-0.5227762617399517,0.0,0,0.0
107,0.2,8.9,77.90396825396826,44.875,28.25,435.843253968254,-2.3984623015873012,-1.25,0,0.015175340102819356,0.270116755640856,-0.5042194840896106,0.0,0,0.0007587670051409679
108,0.1,8.9,77.47405753968255,44.1,28.775,434.2688492063492,-3.5655257936507923,-0.40000000000000213,0,-0.06820990493924736,-0.2148944232034418,-0.49453463274470133,0.0,0,0.017907868600286817
109,0.1,8.9,76.87093253968253,43.85,28.775,431.1746031746032,-4.632638888888891,0.6999999999999993,0,0.5829264727940807,-0.8931682111018092,-0.5129132307947887,0.0,0,0.10357700789818813
110,0.1,8.4,75.6639384920635,43.85,29.275,433.76388888888886,-5.295039682539681,1.1999999999999993,0,0.4662280957780269,-0.6437331264459106,-0.5042194840896107,0.0,0,0.07695583199272724
111,0.1,7.1000000000000005,75.37410714285716,43.85,29.275,429.6845238095238,-4.8127976190476005,1.1999999999999993,0,0.9736840240274193,-1.0019798664367976,-0.510748882998626,0.0,0,0.13218252340443742
112,0.0,6.200000000000001,75.2655753968254,43.85,29.275,427.0585317460317,-4.66671626984126,1.0249999999999986,0,0.9376146939794221,-0.6636835185728078,-0.6534301169614294,0.0,0,0.10218769458003843
113,0.0,5.0,74.31825396825397,43.85,29.275,431.8110119047619,-4.467757936507937,1.0249999999999986,0,1.7097102250394098,-1.6750321937573731,-0.6686592750333921,0.0,1,0.22507152739841824
114,0.30000000000000004,5.1000000000000005,74.00877976190476,43.85,29.275,438.0877976190476,-3.8951884920634967,1.0249999999999986,0,0.8095637272658068,-0.5038895643606542,0.7079525441789765,0.0,0,0.08246898339334485
115,0.30000000000000004,5.0,73.51150793650793,41.375,29.275,446.16666666666663,-3.9625496031746223,0.5,0,1.4269099989406349,-1.1475692352075109,-0.606258628040287,0.0,0,0.16697626954765765
116,0.30000000000000004,4.9,73.39811507936508,41.375,29.275,449.8983134920635,-3.4728174603174438,0.5,0,1.178115488011651,-1.173023150524433,-0.5645833994026856,0.0,0,0.15665770361095196
117,0.30000000000000004,4.9,72.9217757936508,41.375,29.049999999999997,449.08333333333337,-2.7421626984126988,-0.22500000000000142,0,0.516782096845138,-1.4050447493053229,-0.5469878736250218,0.0,0,0.14292616728436713
118,0.30000000000000004,4.9,72.56622023809523,39.975,29.625,452.79960317460325,-2.8078869047619293,0.3500000000000014,0,1.7722950028590783,-1.5606466679579212,-0.5944309143285651,0.0,1,0.21866863913944734
119,1.0,5.2,72.57331349206349,39.975,29.625,454.8685515873016,-2.6922619047619065,0.3500000000000014,0,1.3518530676495468,-0.6644139447248197,0.8877302014023737,1.6709677419354847,1,0.2202374632570273
120,1.5,5.6000000000000005,74.18655753968254,39.975,29.625,447.812003968254,-0.1316964285714306,0.3500000000000014,0,-0.14315815574189142,0.5809684001319276,0.46398677635401675,1.9483870967741943,0,0.10324784956972935
121,2.0,6.2,75.13035714285715,39.975,29.625,441.8020833333333,1.1215773809523881,0.3500000000000014,0,-0.6787191206195129,0.6711458540848154,1.0136286984121394,1.5419354838709678,0,0.07966665637639023
122,2.0,6.1000000000000005,76.55907738095239,39.975,29.625,432.9518849206349,3.0475694444444628,0.3500000000000014,0,-0.5181223118858532,0.6633887437529454,-0.5133308247220502,2.1258064516129016,0,0.10337253645275042
123,2.0,6.1000000000000005,78.34102182539684,39.975,29.625,421.75396825396825,4.942906746031753,0.3500000000000014,0,-0.8865695782059362,1.0341944370712342,-0.5445538678000946,2.6096774193548393,0,0.1198518380910853
124,2.1999999999999997,6.1000000000000005,80.18616071428572,39.975,29.625,415.24603174603175,7.2643849206349245,0.5750000000000028,0,-0.7211822626638773,0.9026094488713737,-0.16941675887114055,2.6096774193548393,0,0.1198518380910853
125,2.3,5.9,82.14717261904762,46.7,28.4,407.05406746031747,9.580952380952397,-1.2250000000000014,0,-0.8792265699995222,0.9225464886219082,-0.3569853133356175,2.8096774193548395,0,0.12903702222167526
126,2.0,4.3,83.45947420634921,53.75,27.175,399.81448412698415,10.886160714285722,-2.4499999999999993,0,-0.8735483717890463,0.8495888238657303,0.20572035005781353,4.40967741935484,1,0.20251849526639504
127,1.6,4.2,83.46612103174603,53.75,27.175,396.85069444444446,9.279563492063488,-2.4499999999999993,0,-0.4663023114804459,0.29773767837803083,-0.3569853133356175,4.50967741935484,1,0.20711108733169004
128,1.2000000000000002,4.3999999999999995,83.85362103174603,53.75,27.175,393.3397817460318,8.72326388888888,-2.4499999999999993,0,-1.0981524466750305,1.0360251623598753,0.20572035005781347,4.30967741935484,0,0.19792590320110007
129,1.2000000000000002,4.0,83.63690476190477,54.175,27.175,389.9642857142857,7.077827380952385,-2.4499999999999993,0,-0.10723661173347666,0.2079044661070359,-0.5445538678000945,4.70967741935484,1,0.21629627146228
130,1.3,3.8,83.07906746031746,54.175,27.175,388.07986111111114,4.738045634920624,-2.4499999999999993,0,-0.5377591357310056,0.1306279800948281,-0.3507755125969455,4.81290322580645,1,0.22352057329910946
131,1.1,3.6999999999999997,82.08095238095237,50.45,27.175,390.5411706349206,1.8947916666666487,-2.4499999999999993,0,0.13471924710735617,-0.7650674585102326,-0.5382589762263474,4.912903225806451,1,0.2986563514143375
132,1.0,3.6999999999999997,81.2578373015873,50.45,27.025,391.81646825396825,-0.889335317460322,-1.375,0,0.5746178277879882,-0.49116228638564036,-0.5382589762263474,4.912903225806451,1,0.2978258494379864
133,1.2000000000000002,4.3,80.79191468253968,50.45,28.325,396.0233134920635,-2.6675595238095298,1.1499999999999986,0,0.7454535489206673,-0.058577921287874334,0.5866418055500644,4.31290322580645,1,0.24245377309909527
134,3.9,7.1,81.1203869047619,50.45,28.325,395.25446428571433,-2.3457341269841265,1.1499999999999986,1,0.03824294465321438,0.6069637243476389,4.54714462808493,2.4806451612903206,0,0.11214782665811726
135,4.2,7.7,81.42837301587302,50.45,28.325,396.60466269841265,-2.4252480158730094,1.1499999999999986,0,-1.3419622714768478,1.677738518519708,0.7415749205180321,1.203225806451612,0,0.05405796494276477
136,4.5,8.0,82.58998015873014,50.45,28.325,392.9355158730159,-1.0469246031746309,1.1499999999999986,0,-3.0877616682207294,2.051256685141687,0.035518175090842326,0.41935483870967794,0,0.01992336928113241
137,4.9,8.5,83.08154761904761,50.45,28.325,394.4310515873016,0.002480158730151061,1.1499999999999986,0,-0.9498821135158619,0.8543247375180888,0.4553375105264118,0.0,0,0.0
138,5.4,9.0,84.11314484126983,50.725,28.325,390.46577380952385,2.032192460317461,1.1499999999999986,0,-0.7166094433534451,0.9015189085810356,0.4553375105264118,0.0,0,0.0
139,5.4,9.0,84.18918650793651,50.725,28.325,394.9538690476191,2.9313492063492106,1.3000000000000007,0,0.8589804119007025,-0.308680839486229,-0.4733113596261385,0.0,0,0.06867242388555421
140,4.8,9.0,83.76309523809523,51.125,27.925,397.8025793650794,2.9711805555555486,-0.3999999999999986,0,1.2170149080868928,-0.5918860685622768,-0.45972866672862284,0.0,0,0.11017458445120104
141,2.0,9.0,82.85530753968253,51.125,27.925,401.7137896825397,1.734920634920627,-0.3999999999999986,0,0.9244526119200077,-0.6548665349588677,-0.4527420195246978,0.0,0,0.10079484184257269
142,1.3,9.0,81.55401785714285,51.125,27.925,401.66964285714283,0.1256448412698319,-0.3999999999999986,0,0.6092299517899122,-0.3530657582153782,-0.4281605164113705,0.0,0,0.05988364410744379
143,1.0,9.0,79.76691468253968,51.125,27.925,406.2435515873016,-2.8230654761904646,-0.3999999999999986,0,1.4920184588498553,-0.6587966154843414,-0.42135249467395686,0.0,0,0.1295006408995212
144,0.5,8.7,78.99320436507936,51.125,27.925,406.55456349206355,-4.088343253968247,-0.3999999999999986,0,0.7455849163462445,-0.021784047049398327,-0.3972097763956294,0.0,0,0.03909458307142875
145,0.2,8.899999999999999,78.91121031746032,51.125,27.925,411.3804563492063,-5.201934523809513,-0.3999999999999986,0,-0.729467689842954,1.1542928275508637,-0.02964252062653948,0.0,0,0.0
146,0.2,8.899999999999999,79.34434523809524,51.525,27.3,407.74652777777777,-4.844841269841268,-1.0249999999999986,0,0.3578572715988377,0.7839190652322248,-0.3905585268682902,0.0,0,0.01789286357994188
147,0.2,8.899999999999999,78.94632936507936,45.65,27.625,407.2356150793651,-4.816765873015868,-0.3000000000000007,0,0.4568665811512702,-0.8682321520440304,-0.3905585268682901,0.0,0,0.09519600839456605
148,0.2,8.899999999999999,79.21195436507936,45.65,27.625,406.5500992063492,-3.6433531746031633,-0.3000000000000007,0,-0.41986005242055463,0.11556317626965382,-0.3905585268682902,0.0,0,0.0
149,1.2,9.2,80.02589285714285,45.65,27.625,405.4280753968254,-1.5281250000000028,-0.3000000000000007,1,-0.8672798449703922,1.1897125142213838,1.4891191484845208,0.0,0,0.006666666666666667
150,1.2,8.7,80.09533730158729,45.65,27.625,403.72767857142856,0.3284226190476147,-0.3000000000000007,0,0.5226508051513532,-0.16919737360523004,-0.422631178241531,0.0,0,0.04023232139133683
151,1.2,7.9,78.88834325396826,45.65,28.675,409.03422619047615,-0.10486111111110574,0.75,0,1.1078920585001917,-1.6238791624713234,-0.36958640109798774,0.0,0,0.19071786646428654
152,1.0,7.9,77.446875,45.65,28.675,408.7554563492063,-1.4643353174603106,0.75,0,0.5434455465465348,-0.9151353149835024,-0.3304256973045619,0.0,0,0.10343355357595194
153,1.0,7.9,76.64647817460319,45.65,28.675,407.27281746031747,-2.6978670634920547,1.375,0,0.3240940173224379,-0.12427276833189567,-0.274562832794695,0.0,0,0.02656076489377987
154,1.0,7.7,76.95476190476191,47.6,28.675,401.7113095238095,-1.9915674603174551,1.0500000000000007,0,-0.027879661781573778,0.10897638832612225,-0.2127089032061,0.0,0,0.0
155,1.0,7.6,76.7656746031746,47.6,28.675,396.61359126984127,-2.446279761904762,1.0500000000000007,0,0.13333374392487582,0.29552651420318415,-0.23021052320802854,0.0,0,0.0066666871962437904
156,0.0,7.2,75.51622023809523,45.9,28.675,399.2961309523809,-4.50967261904762,1.0500000000000007,0,0.852825352531072,-0.4970079915275356,-0.23021052320802854,0.0,0,0.08405860025384823
157,0.0,7.1,74.98015873015872,45.9,28.675,404.014880952381,-5.115178571428572,1.0500000000000007,0,1.128959015558923,-0.9221208542451816,-0.23021052320802854,0.0,0,0.13329135529837796
158,0.0,6.7,76.07996031746032,45.9,27.9,396.85069444444446,-2.8083829365079396,-0.7750000000000021,0,0.3295688034776971,0.5258781053276611,-0.23021052320802854,0.0,0,0.016478440173884855
159,0.0,6.7,75.91830357142858,45.9,28.625,400.98065476190476,-1.528571428571425,-0.05000000000000071,0,1.3502216516933645,-0.9734980528061371,-0.23021052320802854,0.0,0,0.14863592031851297
160,0.0,6.6,75.55203373015873,45.9,28.625,407.0213293650794,-1.0944444444444628,-0.05000000000000071,0,0.8761363292278833,-0.5500595262588462,-0.23021052320802854,0.0,0,0.08964511031629802
161,0.0,6.6,75.74940476190476,45.9,28.625,410.7782738095238,-1.205357142857153,-0.05000000000000071,0,-0.8344939166922668,0.8475015888956223,-0.19723737675337874,0.0,0,0.0
162,0.0,6.6,75.62604166666667,45.9,28.625,408.63194444444446,-1.1396329365079367,-0.05000000000000071,0,-1.4716286109176513,0.47803745200699754,-0.19723737675337874,0.0,0,0.0
163,0.0,6.0,75.11602182539683,47.15,28.625,404.7261904761905,-0.4001984126984013,-0.05000000000000071,0,-0.19262079978981014,-1.1039451639080082,-0.19723737675337874,0.0,0,0.09199543032566736
164,0.0,3.2,75.15580357142858,47.15,28.625,397.7564484126984,0.17564484126985747,-0.05000000000000071,0,-0.9950544058212288,-0.3532371734775973,-0.19723737675337874,0.0,0,0.02943643112313311
165,0.0,2.5,74.35838293650794,47.15,28.625,396.7683531746032,-1.7215773809523824,0.7250000000000014,0,-0.3393740415069101,-0.6277103856403714,-0.17960530202677485,0.0,0,0.052309198803364286
166,0.0,2.2,74.6015873015873,48.15,27.4,385.37351190476187,-1.3167162698412795,-1.2250000000000014,0,-0.39520352771407974,-0.0675993994444436,-0.17960530202677485,0.0,0,0.0056332832870369665
167,0.0,1.7,75.90540674603174,48.5,26.575,368.4776785714285,0.35337301587301795,-2.0500000000000007,0,-1.6817889049869126,2.8645980308604635,-0.17960530202677485,0.0,0,0.0
168,0.0,1.2,75.35992063492064,48.5,26.575,358.5952380952381,-0.38948412698411516,-2.0500000000000007,0,0.11288636987929589,0.0796296022993308,-0.17960530202677485,0.0,0,0.005644318493964794
169,0.0,1.2,75.31865079365079,48.5,26.575,355.6225198412698,-0.3073908730158763,-2.0500000000000007,0,-0.5861982621363815,0.6748089518937537,-0.17960530202677485,0.0,0,0.0
170,0.1,1.3,76.21726190476191,48.925,26.575,349.13293650793645,1.101240079365084,-2.0500000000000007,0,-1.063311392244715,1.0457319073355127,5.388159060803245,0.0,0,0.0
171,0.1,1.3,76.70972222222223,48.925,26.575,347.12896825396825,1.5539186507936478,-2.0500000000000007,0,-0.3865127760021071,0.9330629071152599,-0.17960530202677483,0.0,0,0.0
172,0.1,1.3,76.81160714285714,51.199999999999996,26.833333333333332,345.266369047619,2.453224206349205,-1.7916666666666679,0,0.6304502505680432,-0.1468797227056596,-0.17960530202677483,0.0,0,0.04376248942054046
173,0.1,1.3,76.39335317460316,46.13333333333333,27.3,355.25843253968253,1.791765873015862,-0.09999999999999787,0,0.5889953263222707,-0.7121547010577696,-0.17960530202677483,0.0,0,0.088795991404261
174,0.1,1.3,74.74320436507936,46.13333333333333,27.6,367.4935515873016,-1.1622023809523796,1.0250000000000021,0,1.3906890206709956,-0.6054353963542335,-0.17960530202677483,0.0,0,0.1199874007297359
175,0.1,1.1,74.50634920634921,46.13333333333333,27.6,371.3893849206349,-0.8535714285714278,1.0250000000000021,0,0.514503861457969,-0.13347964795073786,-0.17960530202677483,0.0,0,0.03684849706879327
176,0.1,1.1,73.67425595238095,44.775,27.6,378.5987103174603,-1.6443948412698433,1.0250000000000021,0,1.4890272765787487,-0.7665303704548582,-0.17960530202677483,0.0,0,0.13832889470017562
177,0.0,1.1,73.04856150793651,44.775,27.6,385.62400793650795,-3.1687003968254004,1.0250000000000021,0,0.17110174590068217,-0.03154694987738429,-0.17960530202677483,0.0,0,0.011183999784816132
178,0.0,1.1,72.1328373015873,44.775,27.6,390.8621031746032,-4.5768849206349245,1.0250000000000021,0,0.6948231482635693,-0.7676218172840137,-0.17960530202677483,0.0,0,0.09870964218684627
179,0.0,0.1,71.71964285714286,44.775,27.6,393.0610119047619,-5.091964285714283,0.7666666666666693,0,1.0348498999248703,-0.7839498694259078,-0.17960530202677483,0.0,0,0.11707165078173584
180,0.0,0.1,71.85416666666667,44.775,27.6,384.91964285714283,-4.539186507936492,0.3000000000000007,0,1.210016696233806,-0.2687926273810569,-0.17960530202677483,0.0,0,0.08290022042677837
181,0.0,0.1,72.82633928571428,44.775,27.35,376.062003968254,-1.9168650793650812,-0.25,0,-1.0928082619323223,1.3233618497006574,-0.17960530202677483,0.0,0,0.0
182,0.0,0.1,73.15758928571428,44.775,27.35,372.60962301587307,-1.348759920634933,-0.25,0,-1.4595608019483797,0.5677458973811024,-0.17960530202677483,0.0,0,0.0
183,0.0,0.1,72.33318452380952,32.525,27.225,377.18353174603175,-1.341071428571425,-0.375,0,-0.845961880620108,-2.1913454537449333,-0.17960530202677483,0.0,0,0.18261212114541112
184,0.0,0.1,71.55104166666668,32.525,26.875,381.28819444444446,-1.4975198412698347,-0.7250000000000014,0,-0.36484387749651415,-1.377007067253714,-0.17960530202677483,0.0,0,0.1147505889378095
185,0.0,0.1,71.95009920634921,32.525,26.875,375.29216269841265,-0.18273809523809348,-0.7250000000000014,0,-0.6435981756412575,0.2678804440834876,-0.17960530202677483,0.0,0,0.0
186,0.0,0.1,72.35337301587302,32.525,26.875,374.75099206349205,0.6337301587301596,-0.7250000000000014,0,0.44435898491856923,0.2984778677964355,0.0,0.0,0,0.022217949245928462
187,0.0,0.1,72.63859126984127,32.525,26.875,371.5992063492063,0.7844246031745996,-0.7250000000000014,0,0.4083526262634553,0.6088093095220942,0.0,0.0,0,0.020417631313172764
188,0.0,0.1,72.06899801587302,32.525,26.875,376.0461309523809,-0.7573412698412625,-0.4750000000000014,0,-0.0382730743297652,0.461883472183662,0.0,0.0,0,0.0
189,0.0,0.1,71.38045634920636,32.525,26.875,380.6552579365079,-1.7771329365079254,-0.4750000000000014,0,0.053963118977224334,-0.41199606308404485,0.0,0.0,0,0.03703116120586496
190,0.0,0.1,71.87986111111111,41.75,26.875,367.8581349206349,-0.4533234126984098,-0.3500000000000014,0,-1.0314790944589645,-0.8881636798371603,0.0,0.0,0,0.07401363998643003
191,0.0,0.1,72.54320436507938,45.9,26.55,356.78621031746036,0.9921626984126988,-0.3249999999999993,0,-1.377060211773868,0.08729779145460664,0.0,0.0,0,0.0
192,0.0,0.1,73.26939484126983,45.9,26.55,353.48908730158735,1.3192956349206213,-0.3249999999999993,0,-0.9739560269116406,1.4890388085029147,0.0,0.0,0,0.0
193,0.0,0.1,73.61011904761905,45.9,26.55,352.6820436507937,1.256746031746033,-0.3249999999999993,0,0.27834942617277936,0.7839926611001959,0.0,0.0,0,0.013917471308638968
194,0.0,0.1,72.69965277777779,45.9,26.8,359.0143849206349,0.06106150793651466,-0.07499999999999929,0,1.364947515290568,-0.9181910565282305,-0.17960530202677488,0.0,0,0.1447632971418809
195,0.0,0.1,72.7094246031746,45.9,26.825,360.3169642857143,0.640426587301576,-0.05000000000000071,0,-0.8057963523079527,0.3718271256193216,-0.17960530202677488,0.0,0,0.0
196,0.0,0.1,71.78412698412698,47.025,26.825,362.030753968254,0.4036706349206298,-0.05000000000000071,0,0.45547172435680344,-1.5341914124953893,-0.17960530202677488,0.0,0,0.15062287059245594
197,0.0,0.1,72.67301587301587,47.025,26.825,363.1001984126984,0.7931547619047592,-0.05000000000000071,0,-0.23893342636221093,0.5285800123873845,-0.17960530202677488,0.0,0,0.0
198,0.0,0.1,73.0170634920635,47.025,26.825,362.42162698412693,0.4738591269841237,0.2749999999999986,0,0.21983101188378948,0.6232067668699544,-0.17960530202677488,0.0,0,0.010991550594189473
199,0.0,0.1,72.40654761904761,47.025,26.825,364.2847222222222,-0.8628472222222143,0.2749999999999986,0,-1.122867392779461,0.5090411949048419,-0.17960530202677488,0.0,0,0.0
200,0.0,0.0,71.47519841269842,43.625,28.025,369.6453373015873,-2.1349206349206327,1.4749999999999979,0,0.6622587440213094,-0.4829514489869727,-0.17960530202677485,0.0967741935483871,1,0.47335475799269056
201,0.0,0.0,71.37232142857142,43.625,28.025,372.3338293650794,-1.3273313492063608,1.2249999999999979,0,0.9179414827992766,-0.7906135908658875,-0.17960530202677485,0.0967741935483871,1,0.5117774067548319
202,0.0,0.0,71.68883928571428,43.625,28.025,367.5218253968254,-1.0205853174603163,1.1999999999999993,0,-0.9339525679505185,0.9867429788220212,-0.17960530202677485,0.0967741935483871,1,0.39999586670937737
203,0.0,0.0,74.41259920634921,43.625,28.025,353.7624007936508,2.6284722222222285,1.1999999999999993,0,-2.3414993950506764,2.14155806557021,-0.17960530202677485,0.0967741935483871,1,0.39999586670937737
204,0.0,0.0,72.9594246031746,38.525,28.025,359.749503968254,0.28640873015872614,1.1999999999999993,0,0.5809304444501538,-1.1665079111934775,-0.17960530202677485,0.0967741935483871,1,0.5262513815313415
205,0.0,0.0,72.36170634920634,38.525,28.025,368.30109126984127,-0.6553571428571558,1.1999999999999993,0,-0.28848563274257294,-0.07956717980750867,-0.17960530202677485,0.0967741935483871,1,0.40662646502666977
206,0.0,0.0,71.60763888888889,38.474999999999994,28.025,377.9424603174603,-0.798908730158729,1.1999999999999993,0,1.0593641398096822,-0.4067550807094953,-0.17960530202677485,0.0967741935483871,1,0.48686033042565274
207,0.0,0.0,71.32410714285714,38.474999999999994,27.175,373.51190476190476,-0.15109126984127386,-0.8499999999999979,0,1.6662233850516441,-0.7117745431897747,-0.17960530202677485,0.0967741935483871,1,0.5426215812277742
208,0.0,0.0,72.70545634920634,38.474999999999994,26.975,360.7996031746032,1.3331349206349188,-1.0499999999999972,0,-0.5350534802784768,1.0766856478595652,-0.17960530202677485,0.0967741935483871,1,0.39999586670937737
209,0.1,0.1,73.87485119047619,38.474999999999994,26.975,356.7445436507936,2.186011904761912,-1.0499999999999972,0,-1.8813571100418993,2.546676843085734,5.388159060803245,0.0,0,0.0
210,0.1,0.1,71.98194444444445,38.474999999999994,26.975,368.98462301587307,-2.430654761904762,-1.0499999999999972,0,0.5417056720105798,-0.2644443133516192,-0.17960530202677483,0.0,0,0.04912230971316393
211,0.1,0.1,71.70441468253968,38.474999999999994,27.450000000000003,371.9613095238096,-1.2550099206349188,-0.5749999999999957,0,0.7012358406169553,-1.530655644010338,-0.17960530202677483,0.0,0,0.16261642903170925
212,0.1,0.1,70.9844246031746,38.474999999999994,27.450000000000003,375.11408730158735,-1.3772817460317412,-0.5749999999999957,0,-0.08609602142899679,-1.0153470214373304,-0.17960530202677483,0.0,0,0.0846122517864442
213,0.1,0.1,70.58333333333333,41.875,27.450000000000003,374.96081349206355,-1.0243055555555571,-0.5749999999999957,0,1.0316680551832684,-0.8874252500956512,-0.17960530202677483,0.0,0,0.12553550693380103
214,0.1,0.1,70.3812996031746,41.875,28.1,380.02728174603175,-0.9428075396825477,0.9250000000000007,0,1.3778307843124329,-0.9486077119817536,-0.17960530202677483,0.0,0,0.14794218188076777
215,0.1,0.1,69.67539682539682,41.875,28.1,382.99156746031747,-3.030059523809527,1.125,0,-0.8278422578595331,0.13900858769398589,-0.17960530202677483,0.0,0,0.0
216,0.0,0.1,67.14781746031746,41.875,28.1,391.844246031746,-6.7270337301587375,1.125,0,0.6437595516646105,-0.7366479667030479,-0.17960530202677483,0.0,0,0.09357530814181786
217,0.0,0.1,66.42415674603174,39.525,28.825,396.8938492063492,-5.55778769841271,1.8499999999999979,0,0.8565607611715567,-1.1917595763286644,-0.17960530202677483,0.0,0,0.14214133608596652
218,0.0,0.1,68.28854166666666,39.525,28.825,391.73809523809524,-3.415873015873018,1.3749999999999964,0,-0.519350944466208,0.6434915537775759,-0.17960530202677483,0.0,0,0.0
219,0.0,0.1,68.34449404761905,39.525,28.825,391.46478174603175,-2.6399305555555515,1.3749999999999964,0,1.3584757347429006,-0.9054524618463017,-0.17960530202677483,0.0,0,0.14337815855767017
220,0.0,0.1,69.7530753968254,39.525,28.825,380.2519841269841,-0.8302579365079339,1.3749999999999964,0,-1.0824370624466266,0.8561603657051675,-0.17960530202677483,0.0,0,0.0
221,0.0,0.1,70.75992063492063,39.525,28.825,370.1800595238095,0.3786210317460359,0.7249999999999979,0,-0.38201720795259236,0.28834034498583644,-0.17960530202677483,0.0,0,0.0
222,0.0,0.1,70.19047619047619,39.525,28.825,378.5416666666667,0.515079365079373,0.7249999999999979,0,0.8871999204723079,-0.5697098010034934,-0.17960530202677483,0.0,0,0.09183581277390651
223,0.0,0.1,71.0266865079365,39.525,28.825,372.1180555555556,3.878869047619048,0.7249999999999979,0,0.05157147330412746,0.29614632266208757,-0.17960530202677483,0.0,0,0.002578573665206373
224,0.0,0.1,72.32316468253968,44.2,28.325,359.53025793650795,5.899007936507942,-0.5,0,-0.24036572400035586,0.5240655508466134,-0.17960530202677483,0.0,0,0.0
225,0.0,0.1,73.21433531746031,44.2,28.325,351.17708333333337,4.925793650793651,-0.5,0,-1.7035164469017199,2.15251156266257,0.0,0.0,0,0.0
226,0.0,0.1,74.42172619047619,46.575,26.675,342.40724206349205,6.077232142857142,-2.1499999999999986,0,-0.7290778754096578,0.8290003694701156,0.0,0.0,0,0.0
227,0.0,0.1,73.03774801587302,45.225,26.675,350.625,3.284672619047626,-2.1499999999999986,0,0.9825868728865922,-0.4797480634457184,0.0,0.0,0,0.08910834893147282
228,0.0,0.1,72.41274801587302,45.225,26.75,358.9275793650794,1.6528273809523881,-2.0749999999999993,0,0.611714133014431,-0.11396388399874828,0.0,0.0,0,0.040082696983950575
229,0.0,0.1,72.63536706349205,45.225,26.75,355.875,2.444890873015865,-2.0749999999999993,0,0.2181766408877756,0.04261467361562548,0.0,0.0,0,0.01090883204438878
230,0.0,0.1,73.23000992063491,45.225,26.75,355.8849206349206,2.20332341269841,-2.0749999999999993,0,-1.0917188651717058,1.1411121614467827,0.0,0.0,0,0.0
231,0.0,0.1,73.52197420634921,45.225,26.75,359.89285714285717,1.1988095238095298,-1.5749999999999993,0,-0.7609601962616459,0.9562393530680693,0.0,0.0,0,0.0
232,0.0,0.1,72.93705357142856,45.225,26.75,359.72767857142856,-0.27728174603174693,-1.5749999999999993,0,-2.10181577606001,1.1896725315472985,0.0,0.0,0,0.0
233,0.0,0.1,73.55376984126984,45.225,26.75,351.05853174603175,-0.8679563492063522,0.07499999999999929,0,-1.8219437274170682,1.306438068499756,0.0,0.0,0,0.0
234,0.0,0.1,73.27227182539683,37.25,27.15,357.69444444444446,0.23452380952380736,0.47499999999999787,0,0.27708354277993436,-0.6814878210515496,0.0,0.0,0,0.07064482889329252
235,0.0,0.1,73.2857638888889,37.25,27.15,357.2624007936508,0.8730158730158735,0.3999999999999986,0,1.093413521179448,-0.12864592215970097,0.0,0.0,0,0.06539116957228082
236,0.0,0.1,72.62896825396825,37.25,27.15,355.90922619047615,-0.006398809523801674,0.3999999999999986,0,1.501466861695318,-0.5747908455263276,0.0,0.0,0,0.12297258021195986
237,0.0,0.1,71.7279761904762,37.25,27.15,356.0257936507937,-1.5020337301587148,0.3999999999999986,0,0.12816902738518895,0.25216918200093236,0.0,0.0,0,0.006408451369259448
238,0.0,0.1,71.07911706349206,37.25,27.15,352.5114087301587,-2.44285714285715,0.3999999999999986,0,-0.29537848400882555,0.3074582515865099,0.0,0.0,0,0.0
239,0.0,0.0,68.73715277777778,33.725,27.55,366.46875,-4.199900793650784,0.8000000000000007,0,0.32912011496114907,-0.9642315614366538,0.0,0.0,0,0.0968086358677786
240,0.0,0.0,66.04766865079365,33.725,28.05,385.77331349206355,-7.506101190476187,1.3000000000000007,0,-0.23023732372842234,-1.0851253528917602,0.0,0.0,0,0.09042711274098002
241,0.0,0.0,65.20411706349206,33.725,29.675,386.8650793650794,-8.068154761904765,2.525000000000002,0,1.0520410145750594,-1.2592895216607414,0.0,0.0,0,0.15754284420048142
242,0.0,0.0,63.25148809523809,28.4,29.675,392.6924603174603,-10.034275793650806,2.525000000000002,0,0.27629470733160366,-1.6460837857998554,0.0,0.0,0,0.1509883841832348
243,0.0,0.0,62.19136904761905,28.4,29.675,399.0555555555556,-10.437599206349205,2.525000000000002,0,0.2541491103293769,-1.1531676768329289,0.0,0.0,0,0.10880476191921291
