period,temp_max_mean,temp_max_std,temp_mean_mean,temp_mean_std,humidity_mean_mean,humidity_mean_std,humidity_min_mean,humidity_min_std,rain_mm_mean,rain_mm_std,light_mean_mean,light_mean_std
1,28.943611111111114,1.6290682692649578,21.186168981481487,0.977735195032096,65.45833333333334,8.452311554056717,40.32527777777778,8.816743389746497,0.05,0.13064825110670783,440.2244212962963,33.97908767103353
2,28.964444444444446,1.633473975491473,21.177557870370375,0.9691202373239054,65.25666666666667,8.472458293437846,40.18027777777778,8.811685272067534,0.05,0.13064825110670783,440.5269675925926,34.02472148243968
3,29.023611111111112,1.6058294238709176,21.217962962962968,0.9939020290715671,64.96336805555556,8.35502481184415,39.98694444444445,8.720621639448437,0.05,0.13064825110670783,441.6266203703704,33.569671754936174
4,29.074444444444445,1.6070887825645161,21.23738425925926,0.9998941994393951,64.71215277777777,8.248485344384905,39.787777777777784,8.705839502492985,0.05,0.13064825110670783,441.60370370370373,33.59318185676638
5,29.28472222222223,1.4265713312311712,21.34056712962963,0.9225165643877953,63.9325,7.513387068961933,38.85166666666667,7.693481467328207,0.04000000000000001,0.12205143065174585,445.57546296296294,29.74382619755101
6,29.399722222222227,1.4458529733558458,21.434907407407408,0.879946099259995,63.29969907407408,7.219431646474902,38.372499999999995,7.8244214865775765,0.04000000000000001,0.12205143065174585,447.4616898148148,29.229629738088526
7,29.412222222222223,1.435364661459428,21.44876157407407,0.8639086756096234,62.948321759259265,7.006820522764241,38.149166666666666,7.749083912610206,0.04000000000000001,0.12205143065174585,446.3467592592593,29.446660002768795
8,29.4625,1.4491934439304623,21.44754629629629,0.8639350427893874,62.4484375,7.07400559955613,37.785555555555554,7.86893685990911,0.04000000000000001,0.12205143065174585,447.28067129629636,29.380871650610764
9,29.510833333333334,1.4929819058730642,21.447280092592585,0.8637240690956607,61.94748842592592,7.219385999335622,37.33722222222222,8.0054587259267,0.04000000000000001,0.12205143065174585,447.1184027777778,29.285503184980563
10,29.575833333333332,1.6050497270915882,21.446550925925923,0.8622632365888608,61.50908564814815,7.4602445275554246,36.82555555555555,8.42310523429423,0.04000000000000001,0.12205143065174585,447.21527777777777,29.354687029433613
11,29.679166666666667,1.7002926134240444,21.462488425925926,0.8969742610390333,61.11207175925925,7.431429119839482,36.31805555555555,8.42524317876512,0.02666666666666667,0.10148325268098496,448.3634259259259,29.306833953098323
12,29.855000000000004,1.364409054853242,21.60912037037037,0.8185873503486197,60.283726851851846,6.01377980527007,35.39555555555555,6.129681232974514,0.02666666666666667,0.10148325268098496,452.04745370370375,21.727624224746837
13,29.94416666666667,1.346574250698296,21.668252314814815,0.8021293208614397,59.762673611111104,5.317354121995247,35.06305555555556,5.906303731671231,0.013333333333333334,0.07302967433402216,454.34236111111113,17.535783051822378
14,30.03916666666667,1.3652977970804185,21.721956018518515,0.8086464818267741,59.07856481481481,4.715470242219962,34.58138888888888,5.771662378033087,0.0,0.3441994805962788,455.3695601851852,17.038696134125033
15,30.12666666666667,1.3286454946955235,21.731261574074075,0.8126969169560483,58.54356481481481,4.423432805563866,34.05972222222222,5.549584950193349,0.0,0.3441994805962788,455.8589120370371,17.129965830934726
16,30.13225806451613,1.3066846334073097,21.74418682795699,0.8022713572694357,58.50031362007168,4.355745994324656,34.09489247311828,5.459820695324125,0.0,0.3441994805962788,455.8875448028674,16.842801230308357
17,30.21451612903226,1.2854761470876006,21.80193772401434,0.8005281779755843,58.08948252688172,4.046081264607358,33.7005376344086,5.268784707492498,0.0,0.3441994805962788,456.44746863799287,16.890832806039228
18,30.23306451612903,1.2767045321316874,21.825694444444448,0.7935093939225376,57.83655913978494,3.9371136021068334,33.56666666666666,5.229481066245696,0.0,0.3441994805962788,456.68705197132624,17.06093068551971
19,30.212096774193547,1.2539748629814107,21.85081765232975,0.8132715924576077,57.60239695340502,3.811733553080299,33.541666666666664,5.237091272834568,0.0,0.3441994805962788,456.7468637992832,17.106248002031716
20,30.257258064516126,1.2720913480758613,21.883176523297493,0.8379313391121466,57.30369623655914,3.4700658449289192,33.22392473118279,5.03298230101139,0.0,0.3441994805962788,456.10439068100357,16.988955912209033
21,30.293548387096767,1.2812586217910802,21.957795698924734,0.8737807718445672,57.21559139784946,3.4502846368085476,33.14569892473118,5.024500099958232,0.0,0.3441994805962788,455.9884632616487,16.95523045319211
22,30.331451612903223,1.2774317943621534,22.031350806451616,0.8639127865722805,57.17794578853046,3.4476693302886208,33.012634408602146,5.004391530227587,0.0,0.3441994805962788,455.7115815412186,16.842877494434784
23,30.41129032258064,1.3399135343632782,22.129469086021505,0.9437014146441715,57.086917562724004,3.500615142870908,32.7263440860215,5.144712809523298,0.0,0.3441994805962788,455.464605734767,16.783736036632206
24,30.427419354838708,1.3296828387299366,22.1926523297491,0.9425150503410495,57.34526209677419,3.6149426816300205,32.89247311827957,5.247642925390544,0.0,0.3441994805962788,453.9837589605735,18.759655315503565
25,30.466129032258063,1.2869788328208946,22.242002688172047,0.9279574898193188,57.29239471326166,3.6350480113439905,32.55860215053763,5.232865108154745,0.0,0.3441994805962788,453.6710349462366,18.847866610099597
26,30.524193548387096,1.256540950900655,22.26857078853047,0.9180612500828796,57.025145609319,3.8372680986633476,32.25403225806452,5.230487934433848,0.0,0.3441994805962788,454.18469982078847,19.159736095570963
27,30.544892473118278,1.2567331205155359,22.27965949820789,0.916011505551858,56.86587141577062,4.061859797602601,32.302150537634404,5.212802512645409,0.0,0.3441994805962788,454.78629032258067,19.7031141303966
28,30.706989247311828,1.0945320680677537,22.343156362007175,0.8763965018522991,56.35173611111112,4.329372354093416,31.577956989247312,4.938581831031264,0.0,0.3441994805962788,456.79827508960574,17.549535921555087
29,30.82956989247312,1.1125209917072343,22.40183691756273,0.8569057125976618,55.98719758064517,4.331850903413539,31.177150537634407,4.889280114274727,0.0,0.3441994805962788,457.7759856630824,17.19123343455859
30,30.839247311827958,1.1018233909961421,22.49037858422939,0.7737039432961506,56.026265681003586,4.336400190619401,31.424731182795696,5.0049408383815015,0.0,0.3441994805962788,456.8574148745519,17.270365196773774
31,30.874731182795696,1.1107064899468428,22.55864695340502,0.6969875676930694,56.160506272401435,4.40312448794028,31.53440860215054,4.973603350362628,0.0,0.3441994805962788,455.8821684587814,17.415432491960804
32,30.88198924731183,1.111443207538842,22.5978270609319,0.6926513654736962,56.392338709677425,4.384589091710484,31.80295698924731,4.71842652111119,0.0,0.3441994805962788,454.5716845878136,17.986113491803863
33,30.87795698924731,1.1164646342674238,22.583075716845876,0.7105750880513912,56.54520609318997,4.644083582032022,31.840860215053763,4.777331384914628,0.0,0.3441994805962788,453.0281137992832,20.306524333801125
34,30.88037634408602,1.1126701875383196,22.583658154121864,0.7104153482363259,56.545676523297494,4.644861119969734,31.803763440860212,4.706372176963947,0.0,0.3441994805962788,452.8090277777778,20.44277468633566
35,30.925537634408602,1.0977669579226776,22.64028897849462,0.717148155103645,56.24800627240143,4.409631396673045,31.612634408602148,4.585028914125752,0.0,0.3441994805962788,453.0087365591399,20.01590452907309
36,30.951344086021507,1.1107244398868727,22.69717741935484,0.7455197853640161,56.12206541218639,4.359968681309052,31.502956989247313,4.570367290323479,0.0,0.3441994805962788,451.4983198924732,20.184284442059283
37,30.819892473118284,1.2940849716994993,22.64380600358423,0.8220766834287982,56.73558467741936,5.686717615000695,32.12069892473118,5.4773463900599255,0.016129032258064516,0.08980265101338746,448.44590053763443,24.45788027042337
38,30.740053763440866,1.505793471394608,22.591521057347673,0.9866145354178737,57.458344534050184,7.511112827256249,32.70860215053763,6.86956771372673,0.025806451612903226,0.1031753909143192,445.7699372759856,30.849916411536924
39,30.600537634408607,1.7083359559381914,22.505365143369183,1.1889370157769021,58.34177867383513,8.649735894287174,33.22876344086021,7.259041883616622,0.03225806451612903,0.10766335425511489,443.0772849462366,33.224402559229645
40,30.533602150537636,1.7125645214541172,22.48433019713262,1.2019498621458893,58.94194668458782,8.885952181181457,33.37069892473119,7.206323698979964,0.06129032258064516,0.18916909429544548,441.96258960573476,33.167745547537734
41,30.30698924731183,1.822883217819082,22.34206989247312,1.3743753991267613,60.10212813620072,10.112059284493233,34.46182795698925,8.079819904882813,0.15806451612903227,0.560222689977469,438.4245071684588,35.93710069745672
42,30.190860215053764,1.7828755316315048,22.25862455197133,1.3774000958758779,60.78808243727598,10.528612065357295,34.90779569892473,8.145298273272346,0.16774193548387098,0.5599923194557782,438.4969758064516,35.99226210687295
43,30.16102150537634,1.8011729551425417,22.171270161290323,1.3954301258195398,61.307269265232975,10.849540158209814,35.10698924731182,8.335265636187394,0.18709677419354842,0.5643532791221417,438.39941756272395,35.95090176042001
44,30.044892473118278,1.8619703788611333,22.118906810035845,1.4203757523386926,61.889997759856634,11.229238596199968,35.66424731182795,8.83182618000576,0.22580645161290325,0.5915898026704449,437.0544354838709,36.16748368069562
45,29.89327956989247,1.9153974292109603,22.065994623655914,1.4325435775537518,62.672916666666666,11.463051208861247,36.38037634408602,9.18123805205261,0.22580645161290325,0.5915898026704449,436.0423387096775,35.87886853007744
46,29.77231182795699,1.9705827149752275,22.04313396057348,1.435864331291383,63.398790322580645,11.555100812043287,37.130376344086024,9.487981810433949,0.22580645161290325,0.5915898026704448,433.179435483871,36.93130017351605
47,29.678763440860212,2.013073979236266,22.03101478494624,1.436675019319262,64.00057123655914,11.706444497533244,37.62634408602151,9.778415879614414,0.22580645161290325,0.5915898026704448,431.70620519713265,36.8707120322577
48,29.53763440860215,2.061088878624936,21.94876792114696,1.4728911004521243,64.87861783154123,12.024655007226174,38.45295698924731,10.211931009668865,0.24193548387096778,0.592044026261779,429.06081989247315,37.24987181832205
49,29.448118279569893,2.103528461715532,21.879984318996417,1.5216134360565543,65.79156586021506,12.37438020878806,39.22876344086021,10.690132790012496,0.2838709677419355,0.6197293894346404,426.58669354838713,36.85160750667678
50,29.312634408602154,2.1204568766167817,21.78317652329749,1.5536777993547233,66.64332437275986,12.591711724762073,39.979569892473116,10.952417676339286,0.31290322580645163,0.6270257493297868,424.5714605734767,36.08905761071512
51,29.18360215053763,2.1093053137964723,21.651780913978495,1.6201305214564994,67.63076836917564,12.992278309627302,40.6747311827957,11.089155213597405,0.3516129032258065,0.6438793715916752,422.9545250896058,36.05878144313538
52,29.058602150537627,2.1037009758278207,21.57339829749104,1.5874309962538948,68.36549059139786,12.99437588268167,41.311021505376345,11.170067970195229,0.3580645161290323,0.6412353668497432,422.8980734767025,36.00174944831753
53,28.902956989247308,2.1504505862758942,21.506541218637995,1.5679174732754981,69.08834005376346,12.955366875486687,42.14650537634409,11.397401176769614,0.3612903225806452,0.63962354519662,421.3344534050179,35.466301382854894
54,28.717473118279568,2.067309885162435,21.389952956989244,1.4844694466798556,69.94697580645162,12.786973542646804,43.01586021505376,11.151900966260879,0.3645161290322581,0.6379907977898396,419.25817652329744,35.27355035079732
55,28.69489247311828,2.0583307213426463,21.364213709677426,1.460131775036649,70.2803987455197,12.727516334087127,43.200537634408605,11.12198813484732,0.3645161290322581,0.6379907977898396,421.5981182795698,36.925531057587015
56,28.700537634408605,2.061275377720235,21.357302867383513,1.454018192800594,70.88149641577061,12.426323019592013,43.740860215053765,10.748201691712655,0.3645161290322581,0.6379907977898397,422.1814516129032,37.42814430158316
57,28.712634408602153,2.074759993892803,21.38374775985664,1.4796107304312212,71.53233646953406,11.82519275751676,44.038440860215054,10.412457300036797,0.3774193548387096,0.6344076909051228,422.01881720430106,37.21003336109613
58,28.62741935483871,2.0372505454524332,21.37335349462366,1.4742125292515487,72.45115367383512,11.107891363062103,44.74274193548387,10.249923157330633,0.3806451612903225,0.6326765128345394,420.2536962365591,35.591581479458696
59,28.508064516129036,1.9390975896961942,21.337701612903228,1.4529076615593604,73.33011872759859,10.012163761388523,45.49193548387097,9.388178264659883,0.3870967741935483,0.6296781905512641,420.05253136200713,35.33123883406554
60,28.367741935483874,1.7659533962846985,21.28513664874552,1.4197310505664809,74.03968413978497,9.075172795611264,46.1508064516129,8.643691061189676,0.39032258064516123,0.6278825998065124,420.53068996415766,36.070307811200585
61,28.32983870967742,1.7466923426250387,21.258826164874552,1.392716282440684,74.54418682795698,8.519842939216074,46.46209677419355,8.489498098061466,0.3903225806451613,0.6278825998065124,421.1603942652329,36.61739958765304
62,28.25967741935484,1.6487833572485453,21.244937275985663,1.379090115312693,74.98695116487455,8.099935698725075,46.91612903225808,8.043888851138009,0.396774193548387,0.6247580176717713,420.76030465949816,36.48624994338408
63,28.197580645161292,1.5727411690886193,21.221214157706093,1.3519769105417605,75.46180555555559,7.578257527690174,47.42983870967742,7.509026288837429,0.40645161290322573,0.6207175868143621,421.35831093189955,36.75059261339637
64,28.091129032258063,1.594920953985609,21.155779569892474,1.3848811927802827,76.13072356630828,7.65323828649419,48.08467741935483,7.682099532406909,0.4709677419354838,0.6783281154854667,420.2411514336917,37.867423463613484
65,28.008870967741935,1.6002414972317038,21.096572580645162,1.3688878212633264,76.66868279569893,7.350937045181444,48.541935483870965,7.607883485505824,0.4774193548387096,0.6746404857005223,419.80230734767025,37.74223549033589
66,27.884677419354837,1.4856070226700098,21.02006048387097,1.289931704269208,77.38387096774194,6.182831480431024,49.24354838709677,6.969516864358723,0.48387096774193544,0.6708684790098818,419.4305555555555,37.856249762204186
67,27.706451612903223,1.312233587913109,20.886021505376345,1.192534520759319,78.31132392473118,4.8709046424716425,50.16209677419354,6.249272860927309,0.49677419354838703,0.6650733648592171,419.1489695340502,37.83303584738807
68,27.621774193548386,1.4242504159423046,20.84403001792115,1.2198986436474344,78.55944220430108,4.967921470200638,50.512096774193544,6.454978282198625,0.4903225806451613,0.6660104297029578,419.34453405017916,37.59835863748862
69,27.6508064516129,1.3979670339306962,20.885887096774198,1.177940402587988,78.38984094982078,4.849532022864693,50.40725806451612,6.3944383176201995,0.4838709677419355,0.6688780527587713,422.0025761648745,34.72981986284342
70,27.70967741935484,1.3752526649576495,20.962242383512553,1.1089671153881568,78.25520833333333,4.813176647456638,50.386290322580635,6.409910421597422,0.4774193548387097,0.6726612210314861,425.0983422939068,34.709654662963594
71,27.609677419354842,1.3589775172802225,20.92118055555556,1.113741219459137,78.63890008960573,4.711961558598732,51.19516129032258,5.669051285102145,0.4483870967741935,0.6732364457068237,424.85103046594986,34.72388392267828
72,27.642741935483876,1.3326069930213713,20.986379928315415,1.0356307831779117,78.25290098566309,4.469473004179783,50.859677419354824,5.637004514143404,0.3516129032258065,0.4829568426142827,427.72827060931905,32.73966782148235
73,27.616935483870975,1.3120338393878888,20.978561827956995,1.0367610489432708,78.20423387096774,4.490134599955932,50.9282258064516,5.547306936461316,0.3451612903225807,0.4850008313927028,426.7048611111112,31.988219402704416
74,27.59274193548388,1.2992015744998138,20.994231630824377,1.0342671821233256,78.24114023297491,4.471739232738948,51.02580645161289,5.478452046696858,0.3258064516129033,0.48646188061380774,426.2146057347671,31.70769203061464
75,27.58629032258065,1.300814467773899,21.00967741935484,1.0330601737452525,78.25328181003583,4.470428777804515,51.045161290322575,5.480968661935432,0.28709677419354834,0.4616939357654383,426.4014336917563,31.633618202828927
76,27.644354838709678,1.312737433721029,21.012802419354845,1.0330353502967993,78.2034946236559,4.485413356017482,50.81048387096773,5.620349092781621,0.2870967741935484,0.4616939357654384,425.8298611111112,31.7114346076702
77,27.679838709677423,1.3123995097218981,21.013541666666672,1.0334027210001804,78.12533602150536,4.551131820705654,50.54516129032257,5.751280362358595,0.2870967741935484,0.4616939357654384,428.16442652329755,30.665160893355978
78,27.740322580645163,1.341946307596961,21.000212813620077,1.02614313231075,78.08893369175627,4.574325738311765,50.34758064516128,5.856247927209557,0.2870967741935484,0.4616939357654384,429.0114247311829,30.53980518136368
79,27.791129032258063,1.332987690414168,21.05031362007169,1.0183661818744134,77.79907034050179,4.589108126694613,50.03629032258065,5.806156354500215,0.2709677419354839,0.4627407830071437,430.15916218638,29.45025715544722
80,27.824193548387093,1.3292617605110697,21.108120519713264,0.9969462587467053,77.50441308243727,4.468807541927105,49.73548387096775,5.667909572737658,0.2290322580645162,0.42362998665273677,430.827620967742,28.860672896357286
81,27.881451612903223,1.3319154086930514,21.184184587813625,0.9867262314287214,77.10118727598565,4.565724281902018,49.37983870967743,5.678931895446386,0.2,0.40661201818605086,432.82974910394273,29.35128555401584
82,27.92096774193548,1.3360872098250411,21.26780913978495,0.892396608106264,76.72498879928314,4.144404872174204,49.08870967741936,5.7078229895092125,0.1709677419354839,0.36257739255419363,434.81798835125454,29.09453247609258
83,27.97822580645161,1.345482285518899,21.297020609319002,0.8996563950559167,76.50722446236558,4.175197280571123,48.73870967741936,5.840219169366554,0.16451612903225804,0.3638208232053924,435.21662186379933,29.49442862897457
84,28.0516129032258,1.2921547811677292,21.32289426523298,0.9008559045270006,76.28881048387095,4.203747286982241,48.38306451612904,5.610646082436994,0.16129032258064516,0.36485377834125887,437.3474462365592,29.97339363099097
85,28.09354838709677,1.2728080462428903,21.342853942652336,0.8933786476630122,75.99885752688172,4.221842189236834,48.12177419354839,5.578185718849678,0.15806451612903225,0.3658544278337921,438.6486335125448,28.758312344197833
86,28.108870967741932,1.2887097615298662,21.337768817204303,0.888032513498352,75.92324148745519,4.2961970760907935,47.98467741935484,5.727381882309442,0.15806451612903227,0.3658544278337921,437.5025761648746,27.68739976037923
87,28.062903225806444,1.2502978139850973,21.317741935483877,0.8676914947440184,75.95950940860216,4.282392868166091,48.05483870967741,5.696828135590155,0.18064516129032257,0.3771996419569789,436.4871191756272,27.33666066525169
88,27.927419354838705,1.1291101739627694,21.243369175627244,0.8013075420615289,76.3091285842294,4.260518802348092,48.64032258064516,5.444587057418262,0.18387096774193548,0.3795583171648755,434.95015681003576,26.83992526103472
89,27.866129032258062,1.1634637293282353,21.190692204301076,0.8063052985478051,76.46519937275988,4.394765919337564,48.75887096774192,5.580977917545368,0.20645161290322578,0.3949139010560553,434.7193100358422,26.949343443297447
90,27.829838709677418,1.1670193399361233,21.150851254480287,0.8133715541483201,76.7522177419355,4.502442038283983,49.01532258064516,5.622979924008838,0.19999999999999998,0.3966526608171605,432.98499103942646,26.90183246625321
91,27.762903225806447,1.188098462665972,21.108691756272403,0.8350054909476945,77.15444668458784,4.662829840324289,49.489516129032246,5.9837306304733096,0.19677419354838707,0.3978977012313106,430.28461021505376,26.100181473790336
92,27.707258064516125,1.1867707155060723,21.04243951612904,0.82186739496042,77.52769937275987,4.759809441299505,49.72016129032257,6.023237706841584,0.2032258064516129,0.3962186862224294,427.86234318996407,26.618215797696777
93,27.632258064516122,1.1423330211382297,20.968906810035847,0.8025014985322589,77.86516577060932,4.871043221020111,50.06612903225805,6.10250818785159,0.19999999999999998,0.39665266081716044,426.6409050179211,27.542435587309804
94,27.5274193548387,1.1451592836571842,20.894702060931902,0.7739285120855238,78.18321012544804,4.948412928774937,50.43467741935483,6.27251171587638,0.2032258064516129,0.3978977012313106,424.5048163082437,28.541254371478885
95,27.52096774193548,1.1535650677752842,20.923521505376346,0.7363017964047566,78.00097446236559,4.71160732717399,50.34435483870966,6.1514046826633395,0.14193548387096772,0.21721601160808734,425.5445788530466,26.9329603679237
96,27.52177419354838,1.152962523521541,20.901422491039426,0.7572967895692886,78.14493727598564,4.861311903735143,50.387096774193544,6.183606926677658,0.14838709677419354,0.2219173535980388,424.59901433691755,27.50984048226216
97,27.50483870967742,1.1586525822918672,20.884218189964155,0.7563451365115054,78.26556899641575,4.888939635430128,50.52258064516128,6.29568421896669,0.14193548387096774,0.22326993161998193,423.9996639784946,28.198094664772565
98,27.472043010752685,1.2058567501125967,20.90189292114695,0.7350158903337575,78.14924955197132,4.773325744658044,50.59193548387096,6.402272991865123,0.132258064516129,0.21815452745579766,422.9111783154121,29.077187201198253
99,27.550268817204298,1.0860361238769134,20.94462365591398,0.6847929945616069,77.92930107526882,4.643269132365252,50.30403225806451,6.19134172579671,0.12258064516129033,0.21711698447205038,423.71191756272395,28.139486331049707
100,27.535752688172042,1.0986422461139185,20.967618727598566,0.6760976500991798,77.91444892473116,4.639930535355205,50.42338709677419,6.268771595123557,0.1193548387096774,0.2182038112082519,422.8510304659498,28.53257329509082
101,27.543817204301078,1.103638695033672,20.96890681003584,0.6764119525042834,78.02251344086021,4.668835348415683,50.59193548387096,6.2018692985017765,0.13870967741935483,0.23334869381084142,420.8480062724014,27.16354831778498
102,27.547849462365594,1.0992568359568426,20.981731630824374,0.6646260041197602,78.03742159498206,4.686551973499888,50.65725806451613,6.292231299879464,0.22903225806451616,0.5305302683084141,420.0425627240143,27.580765907746652
103,27.545430107526883,1.1003573466481607,20.94908154121864,0.7018142248819701,78.4252688172043,4.939206416064545,51.059677419354834,6.405478376031445,0.2516129032258065,0.5353322754713098,418.6045026881721,27.214029901474746
104,27.430913978494623,1.2043962555993737,20.881294802867384,0.8170665521402828,78.86569220430107,5.279013987333298,51.660483870967745,6.673894334749228,0.25806451612903225,0.5346489150513553,416.153561827957,29.104381670104427
105,27.365591397849464,1.2326889118528717,20.845609318996413,0.8325702213347955,79.11920922939069,5.356377008979029,51.99516129032258,6.781059465387269,0.27419354838709675,0.5341458863990147,414.8043234767025,29.099380521203113
106,27.332526881720433,1.251573740519107,20.81200716845878,0.8403099969631934,79.3313732078853,5.4388967784858195,52.27822580645161,6.9630535146092205,0.2903225806451613,0.5331384052380628,413.4653897849462,29.935416318747304
107,27.30510752688172,1.228007791587951,20.81418010752688,0.8410373494178423,79.43076836917561,5.406926271421052,52.50483870967741,6.800436319809555,0.2903225806451613,0.5331384052380628,413.97345430107526,30.062102505173538
108,27.260752688172044,1.219409377276836,20.808624551971327,0.8367671205671813,79.5788082437276,5.294460778895923,52.79677419354839,6.608040373714824,0.2903225806451613,0.5331384052380629,413.3123879928316,29.470787365965172
109,27.171236559139782,1.1673605847239423,20.80396505376344,0.8340898513141208,79.66127912186381,5.235995313730068,53.145967741935486,6.4332375751968565,0.2903225806451613,0.5331384052380628,412.8054435483871,29.177520322414153
110,27.128494623655918,1.1478013890363763,20.78439740143369,0.8206291946263009,79.82073252688171,5.10713634178362,53.341935483870955,6.308272964583803,0.2903225806451613,0.5331384052380629,412.278561827957,29.19410829755796
111,27.067204301075268,1.140763908048817,20.78353494623656,0.8197419362210089,79.88212365591397,5.056881907875646,53.60161290322579,6.236755752138122,0.2903225806451613,0.5331384052380629,411.45340501792117,29.446738175178226
112,27.018817204301072,1.0957387321691368,20.75036962365591,0.7805445886081853,80.17484318996414,4.7171298623595375,53.923387096774185,5.969809235798741,0.2903225806451613,0.5331384052380629,409.1012544802868,27.48031340470084
113,26.967204301075267,1.0532004475861654,20.71141353046595,0.7721541993813764,80.43837365591396,4.692832519724476,54.16048387096774,5.710041499387827,0.28709677419354834,0.5333803742695394,407.4346998207886,25.740099210849664
114,26.884946236559138,0.9823003504502195,20.67861783154122,0.7386262215337531,80.74786066308243,4.4748408384710965,54.75,5.272665360138077,0.28709677419354834,0.5333803742695394,405.2979390681004,23.009002836536833
115,26.86559139784946,0.9606897163927571,20.653427419354838,0.7137165390266038,80.83163082437275,4.337144757509513,54.71854838709677,5.325391095739414,0.28709677419354834,0.5333803742695394,403.6788754480287,19.360952462431023
116,26.84543010752688,0.9391530825934624,20.62261424731183,0.7046749192024314,81.0816420250896,3.9840631259991164,54.895967741935486,5.07210959058701,0.28709677419354834,0.5333803742695394,403.20116487455203,18.82357969155762
117,26.767204301075267,0.7888867433965474,20.5528561827957,0.6516651687799356,81.50517473118279,3.518250239933826,55.38225806451614,4.249888202198123,0.31935483870967735,0.5455390941314897,401.581765232975,17.115596952663694
118,26.706720430107524,0.7291433944058843,20.522334229390687,0.608127550778737,81.58064516129032,3.395307498256083,55.766129032258064,3.9675798058928864,0.2967741935483871,0.5437425070550347,399.9054659498209,16.73435038354321
119,26.76317204301075,0.8098804615541535,20.5379144265233,0.6227760033292439,81.23653673835125,3.924554579403231,55.524193548387096,4.229570919288424,0.2806451612903226,0.5449277351714993,400.34498207885315,17.453187165743294
120,26.77849462365591,0.8057972076055778,20.557874103942655,0.6256907344808771,80.96145833333333,4.132974995006536,55.306451612903224,4.340641118841852,0.25483870967741934,0.5384166352540378,399.9725582437276,17.164398507595273
121,26.772043010752686,0.8033135900844309,20.570620519713266,0.6266910743373921,80.76759632616488,4.1905829694604275,55.26370967741935,4.362944527063868,0.25483870967741934,0.5384166352540378,399.4994399641578,17.146881369027213
122,26.750268817204297,0.8226495244898457,20.586794354838712,0.6196915086872135,80.518604390681,4.162629067823232,55.1290322580645,4.246852249873789,0.25483870967741934,0.5384166352540378,399.1531137992831,17.298608587090165
123,26.740591397849464,0.8225939717101671,20.600000000000005,0.6156913531432701,80.30927419354839,4.128580352438691,54.94032258064516,4.417213853302379,0.24838709677419354,0.5402906426124958,398.99383960573476,17.445166673594176
124,26.76236559139785,0.843152898373624,20.631866039426527,0.613060165958645,80.00786290322583,4.1561931276358015,54.59516129032257,4.692664574253269,0.24516129032258063,0.5415032838788817,399.82997311827955,17.545799638202727
125,26.80833333333333,0.834782074023581,20.66845878136201,0.6125895225738283,79.6659610215054,4.242567938395444,54.26854838709677,4.747674727967433,0.23225806451612904,0.5424555875978504,400.8539426523297,17.260276034120057
126,26.870430107526882,0.8422903044611446,20.676086469534056,0.6106267002527778,79.56869399641579,4.237439290774262,53.97419354838709,4.851221855844531,0.22903225806451613,0.5435644999366661,400.34498207885304,17.528368819374844
127,26.93252688172043,0.8983971190473315,20.720161290322586,0.6007287103230088,79.16961245519714,4.2794420199725245,53.704032258064515,4.993103981051406,0.2161290322580645,0.5441181086207592,401.69791666666663,18.633498640158482
128,26.9494623655914,0.9022167542694982,20.727654569892476,0.6014874779416879,78.94198028673834,4.357254390734583,53.400806451612915,5.036990188722857,0.2161290322580645,0.5441181086207592,403.3510304659498,19.278216477616315
129,26.976612903225806,0.8638078365554597,20.712981630824377,0.6176936016021414,78.86351926523297,4.339868598245163,53.252419354838715,4.868308890324535,0.21290322580645163,0.5451250226531348,404.27856182795705,19.01608438490378
130,26.91532258064516,0.9254655904677305,20.668570788530467,0.6608391487506915,78.85171370967743,4.344690313423506,53.31693548387097,4.843119634667198,0.2129032258064516,0.5451250226531348,403.078853046595,20.21511514356147
131,26.889516129032256,0.9511128173870067,20.63991935483871,0.6623964287142534,78.62100134408603,4.538511175923889,53.070967741935476,4.889159337990332,0.21290322580645163,0.5451250226531348,402.74507168458797,20.39633423541813
132,26.76370967741935,1.0109574403685646,20.592540322580643,0.6772116205091349,78.39329077060934,4.599711412611372,53.26129032258065,4.909586025953365,0.1935483870967742,0.5415628519208506,401.2452956989248,21.57923655923326
133,26.76774193548387,1.0099132295315256,20.57703853046595,0.6830358698260313,78.04178987455198,4.601699267059288,52.90403225806452,4.804711649231208,0.1032258064516129,0.24424560175875148,400.68682795698936,21.98676153848555
134,26.691935483870967,1.0759954131093026,20.585696684587813,0.6732610202515318,77.62808019713262,4.311065628136405,52.785483870967745,4.697901899578632,0.08064516129032258,0.2182038112082519,399.161850358423,23.36051634403248
135,26.63387096774193,1.2252814028332564,20.596998207885306,0.6412563419469756,77.43256048387096,3.8806397542804594,52.86451612903225,4.900402934936186,0.07096774193548387,0.21477670324796522,397.8282930107527,26.70696986656658
136,26.62096774193548,1.2356020255694786,20.60333781362007,0.6357327669364105,77.11992607526881,3.678029058030316,52.6741935483871,4.762796289431625,0.054838709677419356,0.19973100189574866,396.18660394265237,28.41701486211946
137,26.539516129032258,1.3459781788961205,20.586671146953403,0.6552579195096243,76.86586021505374,3.410278048801602,52.50000000000001,4.5496794758898496,0.03870967741935484,0.18198428385410778,395.2110215053764,29.64200947666586
138,26.391935483870967,1.436755417262193,20.5245855734767,0.693210230894481,76.82088933691756,3.3871264166646693,52.60645161290323,4.555038271619019,0.041935483870967745,0.18216145503076314,392.3984094982079,30.47040581877947
139,26.31612903225807,1.4746404701245088,20.470430107526884,0.6922094654080975,76.80059363799283,3.382539561147585,52.785483870967745,4.674464203670604,0.041935483870967745,0.18216145503076314,389.80286738351253,30.66067357157354
140,26.32688172043011,1.4772388997806312,20.443033154121864,0.6791115155945564,76.67708333333333,3.433735859966302,52.65564516129034,4.660323261666063,0.041935483870967745,0.18216145503076314,387.9406362007168,30.416075872555442
141,26.33655913978495,1.4827678032729663,20.41712589605735,0.6707811724117116,76.4627688172043,3.5431649094829774,52.455107526881726,4.805409604761499,0.041935483870967745,0.18216145503076314,388.681899641577,31.080316786701385
142,26.37930107526882,1.4999318980956204,20.388900089605734,0.6374899166314971,76.29817428315411,3.645124399733131,52.30349462365592,4.769553697477185,0.041935483870967745,0.18216145503076314,389.07829301075265,31.181010857213508
143,26.332526881720437,1.4928554462882684,20.352710573476703,0.6234734728304492,76.10676523297491,3.6501629438133727,52.21801075268818,4.764657257491038,0.041935483870967745,0.18216145503076314,388.24607974910396,31.310757663749083
144,26.342204301075274,1.498622724932659,20.362836021505377,0.6249495252501046,75.6833221326165,3.4640349092812084,52.000268817204315,4.94808767955741,0.035483870967741936,0.17990439515990006,387.8086917562724,31.100464116737207
145,26.365591397849467,1.5068020802217437,20.323252688172047,0.6264242163029977,75.39926075268819,3.26140258278825,51.568817204301084,4.840787818373056,0.035483870967741936,0.17990439515990006,387.4030017921147,30.972121648746302
146,26.322043010752694,1.488588612527877,20.294052419354834,0.6162636499388701,75.26206317204301,3.3631721374131907,51.60672043010754,4.797303650158907,0.035483870967741936,0.17990439515990006,386.1056227598566,30.15080361346348
147,26.2994623655914,1.4749794968503913,20.292260304659496,0.616140820447739,74.98527105734767,3.3859260464058134,51.441397849462376,4.927701122354569,0.035483870967741936,0.17990439515990006,384.89471326164875,29.625386985390165
148,26.255107526881723,1.467652253158328,20.305667562724015,0.6142053162824151,74.61754032258064,2.984566040670466,51.287365591397865,4.885591472100186,0.0032258064516129032,0.017960530202677495,384.0509632616488,29.681809970024148
149,26.147043010752693,1.56708113369088,20.235987903225805,0.6612671879718076,74.65678763440859,3.0281970366243995,51.43575268817206,5.176304270042223,0.0032258064516129032,0.017960530202677495,382.83120519713265,30.678331273185115
150,25.974462365591403,1.573979586383272,20.1440188172043,0.7008852513720774,74.8127240143369,2.936876427154589,51.61317204301076,5.13453889802585,0.0032258064516129032,0.017960530202677495,380.0211693548388,29.81321259850039
151,25.94543010752689,1.5665275332865376,20.079110663082435,0.7171705622970461,74.52861783154121,3.4167772417158067,51.05188172043012,6.171565512747654,0.0032258064516129032,0.017960530202677495,380.6795474910395,30.651001604067037
152,25.94220430107527,1.5644383317685653,20.027307347670252,0.7206541947421518,74.24867831541219,3.5873355299136374,50.70752688172043,6.386470564592108,0.0032258064516129032,0.017960530202677495,381.5355062724015,31.369123220860182
153,25.878494623655918,1.6130382739161153,19.976971326164872,0.7359338829883724,74.131978046595,3.5454644357033986,50.59623655913979,6.308144661316857,0.0032258064516129032,0.0179605302026775,380.1400089605736,32.087744072451166
154,25.868817204301074,1.6094612736558316,19.95135528673835,0.7266750106746974,73.98894489247313,3.480487131248743,50.59139784946237,6.310002158489598,0.0032258064516129032,0.0179605302026775,379.9579973118281,32.097910603740836
155,25.762365591397845,1.582970530024085,19.909632616487453,0.6973951373196419,73.96775313620073,3.4753705966412145,50.85752688172043,6.279444476947632,0.0032258064516129032,0.0179605302026775,377.7968189964159,31.95607785440629
156,25.658333333333328,1.5811256538723715,19.84899193548387,0.6613800038366574,73.99942876344086,3.4755414858723555,51.11801075268817,6.349765997720425,0.0032258064516129032,0.0179605302026775,376.51568100358435,31.34948617282831
157,25.614784946236554,1.5352519845009092,19.808758960573478,0.6496016030732883,73.75154569892474,3.4304121193664026,51.05268817204302,6.393970824395886,0.0032258064516129032,0.0179605302026775,376.36413530465956,31.324225798364285
158,25.422849462365583,1.5182103983374877,19.719646057347667,0.6346589844487752,73.61671146953407,3.5511266584676027,51.39220430107527,6.458938299796142,0.0032258064516129032,0.0179605302026775,373.2002688172044,29.99530826689224
159,25.24946236559139,1.5901067624939635,19.63308691756272,0.6512243767911752,73.56926523297493,3.5542930473734042,51.70752688172043,6.533553835153261,0.0032258064516129032,0.0179605302026775,370.19209229390685,28.180858188117615
160,25.13494623655913,1.6480072413019047,19.590703405017923,0.6793679328906225,73.57197580645163,3.558302297550501,51.90349462365592,6.76820924336764,0.0032258064516129032,0.0179605302026775,367.2037410394266,28.405960913882456
161,25.16478494623655,1.6561749070012641,19.59369399641577,0.6787105215773838,73.53373655913981,3.5269290284505153,51.895430107526884,6.767685281401636,0.0032258064516129032,0.0179605302026775,367.3241487455198,28.409085889257273
162,25.20349462365591,1.6805309100950652,19.59871191756272,0.6837108284869607,73.4221214157706,3.644609141025029,51.84784946236559,6.797472286099204,0.0032258064516129032,0.0179605302026775,367.4747983870968,28.529410568172164
163,25.280913978494617,1.6986557778469729,19.561335125448032,0.7103192960564119,73.44702060931898,3.649833690214906,51.56075268817204,6.776898119219409,0.0032258064516129032,0.0179605302026775,368.0616039426524,28.61549674462087
164,25.2502688172043,1.6830286906279122,19.542573924731183,0.7033398430194616,73.17026209677417,4.012204988029512,51.500268817204294,6.8094951694208286,0.0032258064516129032,0.0179605302026775,368.5201612903226,28.875021341874266
165,25.24059139784946,1.6873038184118596,19.510495071684584,0.7056502988804271,73.1812275985663,4.016287471711008,51.48817204301075,6.8031255664670995,0.0032258064516129032,0.0179605302026775,368.17081093189967,29.08975209647874
166,25.313978494623658,1.6306318178693897,19.524451164874552,0.6987523257051685,72.91705869175627,3.579125484308895,51.04059139784946,6.254239207490878,0.0032258064516129032,0.0179605302026775,368.82459677419354,28.11345930733166
167,25.268817204301072,1.6453441153948671,19.465938620071682,0.7193937298618075,72.90508512544802,3.5732299566471397,51.097849462365595,6.282728001987147,0.0032258064516129032,0.0179605302026775,368.4884632616488,28.482776800880107
168,25.410752688172042,1.6880423594117715,19.47239023297491,0.7215746399546302,72.66586021505377,3.561034307213558,50.718010752688166,6.369307951525189,0.0032258064516129032,0.0179605302026775,370.49059139784947,28.97574139525228
169,25.534139784946234,1.6721096605324306,19.499921594982077,0.7268786783815828,72.3281025985663,3.550496495702226,50.437365591397835,6.392154794836164,0.0,0.3441994805962788,372.71370967741933,29.33022160613979
170,25.554301075268814,1.6626547142821722,19.461771953405012,0.7483462528509428,72.31327284946236,3.5302140044880987,50.32930107526881,6.279504016952672,0.0,0.3441994805962788,372.66644265232975,29.371360315615423
171,25.325806451612902,1.9439487719477053,19.361592741935482,0.8290849737067831,72.62855062724014,4.035991366566884,51.06075268817204,7.571924627380017,0.0,0.3441994805962788,370.4386200716846,32.51075397799971
172,25.292741935483868,1.9177916287185104,19.346886200716845,0.8169657784973895,72.40582437275987,4.2819770967892055,50.81532258064516,7.854976335152542,0.0,0.3441994805962788,369.18492383512546,30.992095641599054
173,25.23064516129032,1.8711929091426696,19.29064740143369,0.7789732511034237,72.37930107526881,4.289197470111145,50.59032258064515,7.9451889987467545,0.0,0.3441994805962788,369.00694444444446,30.80864726453559
174,25.266935483870963,1.8943709058767395,19.295284498207884,0.7840321642995666,72.25053763440862,4.325279704100192,50.17983870967741,8.236032164000552,0.0,0.3441994805962788,369.9681899641578,31.334844020079487
175,25.23629032258064,1.8670368536542676,19.300772849462366,0.7940217756637699,72.13518145161291,4.410861228654293,50.33870967741935,8.175578059862387,0.0,0.3441994805962788,369.3419578853046,30.99419289390751
176,25.10322580645161,1.867571305371006,19.272972670250894,0.7944135362940195,72.25062724014339,4.492758161256711,50.870161290322585,8.434004632426102,0.0,0.3441994805962788,367.1081989247312,31.877431207925195
177,25.01801075268817,1.8725837477862288,19.19466845878136,0.8324381020280734,72.7066308243728,5.0287951297636315,51.337096774193554,8.601612908266446,0.0032258064516129032,0.01796053020267749,364.96247759856635,32.831770825766924
178,25.011559139784943,1.8664852062337933,19.174999999999997,0.8122571999913311,72.68778001792116,5.03817759414327,51.41532258064516,8.555311891400558,0.0032258064516129032,0.01796053020267749,365.0020161290323,32.85032217546317
179,25.063978494623658,1.912347049193514,19.15628360215054,0.7889433715274082,72.37200940860214,5.349675411048793,51.16612903225807,8.70089925521853,0.0032258064516129032,0.01796053020267749,366.2588485663083,33.7599215102514
180,25.18172043010753,1.9045151265830138,19.167954749103945,0.7857687332788567,71.96338485663084,5.351373426857863,50.52016129032258,8.519151022243058,0.0032258064516129032,0.01796053020267749,368.7928987455197,34.71030371312953
181,25.30430107526882,1.90331687938955,19.22299507168459,0.7957093654945603,71.66925403225805,5.403029106996067,50.15806451612903,8.64348836576022,0.0032258064516129032,0.01796053020267749,370.4991039426523,34.896832685245
182,25.375268817204304,1.9662434618465947,19.27353270609319,0.8258786001810379,71.69443324372759,5.373004527998149,50.48467741935483,8.131084074451971,0.0032258064516129032,0.01796053020267749,369.9840949820789,34.132669668152914
183,25.242204301075272,2.0006444974102524,19.24923835125448,0.838981387369578,71.82709453405019,5.328946247550025,50.9766129032258,8.045886463186926,0.0032258064516129032,0.017960530202677495,367.49283154121866,33.19986509881204
184,25.34462365591398,2.0029752734960455,19.274092741935487,0.8429991881088008,71.62224462365592,5.379552603915658,50.68064516129032,8.127806463199393,0.0032258064516129032,0.017960530202677495,368.7000448028674,32.974073798763484
185,25.426075268817208,2.0924619359512895,19.277520161290326,0.8455171773883297,71.3489247311828,5.500734736828885,50.40161290322581,8.36180536597777,0.0032258064516129032,0.017960530202677495,370.00201612903226,34.031114924869414
186,25.463172043010758,2.086598301810456,19.23705197132617,0.8512929687445117,71.38974014336918,5.529227913442442,50.362903225806456,8.346638222880872,0.0032258064516129032,0.017960530202677495,370.80633960573476,33.77311237927843
187,25.5986559139785,2.1326595037979654,19.272625448028673,0.8779251384267532,71.12236783154123,5.574395254826553,49.96048387096775,8.332886090148952,0.0032258064516129032,0.017960530202677495,372.27452956989254,34.79177344294396
188,25.50994623655914,2.1489009026955466,19.229603494623657,0.9042165883402121,71.30178091397849,5.6474335210826245,50.21317204301076,8.324416277554072,0.0032258064516129032,0.017960530202677495,370.40804211469543,35.943832841005616
189,25.579301075268823,2.088191968887135,19.23877688172043,0.8978533802418529,71.44154345878135,5.63115717723649,50.00833333333334,8.212051611300716,0.0032258064516129032,0.017960530202677495,370.50840053763443,35.85515537861506
190,25.72930107526882,1.9890229675877042,19.295609318996412,0.8866202220685231,71.29583333333333,5.657807478314981,49.64220430107528,8.099572729781363,0.0032258064516129032,0.017960530202677495,372.4053539426524,35.85485533167005
191,25.780913978494624,1.9255304626839882,19.313866487455197,0.8760387808754261,71.11582661290323,5.5008767559386476,49.37607526881721,7.790979096797678,0.0032258064516129032,0.017960530202677495,372.90658602150535,35.205121259751465
192,25.678494623655915,1.9939640099857066,19.29256272401434,0.8795329142776425,71.0583221326165,5.459733890121767,49.57688172043011,7.944891705458895,0.0032258064516129032,0.0179605302026775,371.54838709677426,36.12732494057625
193,25.5252688172043,2.0853229209376214,19.203606630824375,0.9099427464436372,71.50595878136203,5.768334385690547,50.1744623655914,8.428517766389964,0.0032258064516129032,0.0179605302026775,369.036626344086,37.362399186958676
194,25.402688172043007,2.1178085142962777,19.20110887096774,0.9119843738585943,71.50901657706092,5.770032781891949,50.55672043010753,8.581060222026775,0.0032258064516129032,0.0179605302026775,368.2303987455198,37.367079248342115
195,25.436559139784944,2.129844888087353,19.214986559139785,0.920166448297858,71.58485663082438,5.6851071692247634,50.497849462365586,8.61212430448158,0.0032258064516129032,0.0179605302026775,367.8325492831541,37.18019226652834
196,25.513172043010744,2.1330997856032194,19.235685483870967,0.9219245152605107,71.38277329749103,5.6786422509051615,50.246236559139774,8.596926625337318,0.0032258064516129032,0.0179605302026775,369.5661962365591,37.36586384792534
197,25.547043010752684,2.1358855700759767,19.230421146953407,0.921433072552621,71.2096438172043,5.645252363727791,50.08736559139785,8.607505034628035,0.0032258064516129032,0.0179605302026775,370.9270833333333,36.91703701993882
198,25.527688172043007,2.152324741323831,19.22151657706093,0.9315414229187112,71.30176971326165,5.7223263839762035,50.174462365591395,8.672028505777522,0.0032258064516129032,0.0179605302026775,371.00985663082434,36.83277353468039
199,25.414784946236555,2.108306663947945,19.174988799283152,0.9374360681384923,71.52049731182795,5.770806490391306,50.54301075268816,8.627064191203159,0.0032258064516129032,0.0179605302026775,369.3462141577061,36.2966326720991
200,25.219623655913978,2.217144422603319,19.08254928315412,0.9883915092661861,71.85928539426523,5.826976326972305,51.05994623655914,8.806979402764425,0.0032258064516129032,0.0179605302026775,366.1900761648745,36.84324568245158
201,25.048655913978493,2.421595640900576,19.0472670250896,1.0290147896364292,71.93012992831542,5.90162812109732,51.54865591397849,9.436487276242964,0.0032258064516129032,0.0179605302026775,364.5128808243727,38.86290733852708
202,25.287365591397847,2.2397708536148304,19.110551075268813,0.9732141545172971,71.32736335125448,5.658161969255831,50.36720430107526,8.820684060429032,0.0032258064516129032,0.0179605302026775,368.72043010752685,38.12042993664923
203,25.26639784946236,2.2332498780748082,19.111413530465946,0.9738412517182771,71.45646281362005,5.54453300894435,50.692204301075265,8.551305654987308,0.0032258064516129032,0.0179605302026775,369.00459229390674,38.298278760468826
204,25.27043010752688,2.2341248998434167,19.150526433691756,0.992098387256449,71.26999327956989,5.661494495561669,50.75430107526881,8.509099941241484,0.0032258064516129032,0.0179605302026775,368.12892025089604,37.941745334762615
205,25.19623655913978,2.2137280424383965,19.1139896953405,0.9732201731436108,71.32894265232974,5.648194107861061,51.108333333333334,8.204019170842761,0.0032258064516129032,0.0179605302026775,366.06093189964156,37.84596434197802
206,25.116397849462363,2.213497613413625,19.045642921146953,0.9260905995292467,71.46517697132614,5.597704811725986,51.160752688172046,8.199911131391852,0.0032258064516129032,0.0179605302026775,364.60416666666663,38.302934901239766
207,25.25994623655913,2.222647965489502,19.056160394265234,0.9255888693570478,70.96321684587812,5.776111265107049,50.22446236559139,8.484643517982365,0.0032258064516129032,0.0179605302026775,367.47020609319003,38.299791058497654
208,25.402419354838703,2.2562076850945196,19.090154569892473,0.8904467484082339,70.16270161290323,5.48348766810749,49.37768817204301,8.650711378127827,0.0,0.3441994805962788,371.0677643369176,38.815014643135925
209,25.500806451612895,2.374688434572065,19.095105286738352,0.8943485369329293,69.79688620071684,5.861296033157062,48.93494623655914,9.081266436439673,0.0,0.3441994805962788,372.7579525089606,40.3501643122513
210,25.52419354838709,2.397980781398589,19.07688172043011,0.8843509280257976,69.54773745519712,6.320218227499304,48.47849462365592,9.744296948917034,0.0,0.3441994805962788,373.68581989247315,41.511970205285735
211,25.543548387096763,2.4112148368088877,19.080600358422938,0.8848490044029963,69.28446460573475,6.642754034142213,48.19704301075269,10.024562553582127,0.0,0.3441994805962788,373.53505824372763,41.34922182508195
212,25.490833333333324,2.4341985452035884,19.04372685185185,0.8754162205137854,69.38249999999998,6.733465731372974,48.40777777777779,10.125854803643493,0.0,0.3441994805962788,372.66041666666666,41.76341260087384
213,25.40086206896551,2.4259891461913887,18.993510536398464,0.845796181569463,69.5041546934866,6.819015900518004,48.606321839080465,10.245486727800964,0.0,0.3441994805962788,371.31010536398463,41.830862664742305
214,25.495535714285705,2.415335395499209,19.01290922619048,0.8547217441670826,69.41154513888888,6.92554915005415,48.30654761904763,10.3031636829814,0.0,0.3441994805962788,372.3453621031746,42.21844590044599
215,25.442592592592586,2.4447334959248352,18.984555041152266,0.8574792305841656,69.49088220164609,7.044497837763605,48.46327160493828,10.46536546175908,0.0,0.3441994805962788,372.03150720164604,42.989378831786645
216,25.312499999999996,2.395947098748217,18.948223824786325,0.853004721922645,69.66688034188034,7.123212763903058,48.80705128205129,10.515997784409684,0.0,0.3441994805962788,370.34602029914527,42.921307528902844
217,25.296999999999997,2.444022469891251,18.96563888888889,0.8658640071496878,69.42444444444445,7.15978393865747,48.64133333333334,10.69813973314987,0.0,0.3441994805962788,370.2659722222222,43.80439523146427
218,25.17083333333333,2.4119907287057134,18.90451388888889,0.82755617484504,69.55862268518518,7.281596411756479,48.82638888888889,10.887282798342243,0.0,0.3441994805962788,368.3055555555556,43.611855634876065
219,25.230434782608693,2.448062273162313,18.94134963768116,0.8257926924333587,69.26971618357487,7.3032498973273965,48.61304347826086,11.080556962036376,0.0,0.3441994805962788,370.3499396135265,43.400237475615974
220,25.248863636363634,2.5040381347973675,18.949068813131316,0.844376022376357,69.1045928030303,7.431040559052113,48.48977272727273,11.32515809595029,0.0,0.3441994805962788,371.6696654040404,43.946658872205724
221,25.18095238095238,2.54503075573146,18.900099206349203,0.8326014012421662,69.15190145502645,7.611155081339567,48.58095238095238,11.596556344347189,0.0,0.3441994805962788,370.27992724867727,44.533802564867635
222,25.228749999999998,2.601458029947619,18.89043402777778,0.8530214806558285,68.95335069444442,7.752881377921748,48.295,11.821611565264694,0.0,0.3441994805962788,372.00121527777776,44.96829396275828
223,25.352631578947367,2.611431795661493,18.89342105263158,0.876288790617176,68.68824926900584,7.871644938038863,47.761842105263156,11.895941676158854,0.0,0.3441994805962788,374.3307748538012,44.943544589955515
224,25.53611111111111,2.558021153591624,18.966763117283946,0.8395460542693849,67.95059799382716,7.393311907948702,46.77361111111111,11.410120224859668,0.0,0.3441994805962788,377.6894290123457,43.724168073189894
225,25.74972222222222,2.49577612131225,19.040978377924972,0.849513437250789,67.1470731572577,7.4076429403078246,45.352592592592586,11.314415081422156,0.0,0.3441994805962788,382.87835546680526,46.44696553175212
226,25.745649717514127,2.4942368110061857,19.036398508020003,0.844556010321993,66.62255704510034,7.779888006463319,44.66721123666039,11.690022790584557,0.0,0.3441994805962788,386.0703190277507,48.09583709279685
227,25.676297865662274,2.481993122119298,19.04358018490559,0.8503571650676888,66.56294456575463,7.768536236930166,44.311377903327056,11.713102007370631,0.0,0.3441994805962788,386.3526982158835,48.193734583114626
228,25.412856246076586,2.6652220672176217,18.974385402686682,0.8839014442361754,66.8948389054845,8.032202791324153,45.01650973006905,12.263166106680188,0.0064516129032258064,0.03592106040535498,382.36180319925177,51.646471941325174
229,25.551026744160875,2.6229827607238425,19.08366321497532,0.8871177713282272,66.29053867217303,7.602153195179305,44.195205586942876,11.853730075107084,0.0064516129032258064,0.03592106040535498,384.52393909068013,50.387312253860706
230,25.61138125852328,2.6907944847470926,19.126084580562107,0.8954033962579515,65.71739225419628,7.424437851699876,43.55668826852776,11.895188228384514,0.006666666666666667,0.03651483716701108,386.2138685143149,51.40956100829876
231,25.891780087180983,2.5094542102443342,19.247571637680572,0.7665280729635148,64.95775878397242,6.952221420280604,42.41960628531074,11.290834539795915,0.006896551724137932,0.037139067635410375,390.8073134214596,49.361225799057515
232,26.297898759659713,1.9798383091823097,19.371136598711125,0.6064585368550695,64.02341492512615,6.067955133167209,40.56424670433145,8.807780517977665,0.0071428571428571435,0.03779644730092273,397.1782639458532,43.75793531754151
233,26.237034385349695,2.039960352074192,19.382963816079382,0.6275539788060854,63.98614892771452,6.295233083700816,40.8009786117837,9.090608628092218,0.007407407407407408,0.03849001794597505,395.1723958943665,44.68837419901314
234,26.28411395345352,2.1153269386998876,19.350162955777794,0.6405660778205045,63.629554614461796,6.403426457394605,40.20105388961321,9.168813025802459,0.007692307692307693,0.03922322702763681,395.07721694606994,46.51165759543794
235,26.324456782907976,2.204157225964447,19.28090570209261,0.6161194039618946,63.50936124900028,6.672826846161461,39.71155838041431,9.397422637353381,0.008,0.04,397.16582761750163,47.93887543676598
236,26.47440739953598,2.2466275860521416,19.301234250767695,0.6419568002349457,62.830351160525545,6.549302091630257,38.82624550590652,9.31648142569886,0.008333333333333333,0.040824829046386304,402.659122552426,46.14783134623631
237,26.729348139489577,2.1940305175233763,19.3659410091778,0.637749448315901,61.96418488768923,6.204001733043083,37.57637005649717,8.794742818929038,0.008695652173913044,0.04170288281141495,409.8055903632242,41.73767701146656
238,26.638164599432862,2.3069360033510997,19.387581059580274,0.6725300150473944,62.01823012212382,6.577840238915392,38.00430006277464,9.217146678442562,0.009090909090909092,0.04264014327112209,409.73730719370593,44.268899223396645
239,26.46168517436197,2.400392547967905,19.474570358694475,0.6626288577185614,62.25219291516707,6.991859340848742,38.37358757062147,9.782108070837975,0.009523809523809525,0.043643578047198484,407.15759559291917,46.59664280932257
240,26.00264019927082,2.1807010530873927,19.420937552793678,0.6967132672912031,62.76818079193697,7.385718695710212,39.00552865213882,10.38800505758406,0.01,0.0447213595499958,403.47971242365355,49.05987442183654
241,25.64058023248263,2.146022873899096,19.445144737518554,0.7599795752045875,64.07063222022278,7.156047729649999,40.77311676082863,10.161106732390177,0.010526315789473684,0.04588314677411235,397.85943301278104,51.21435533550052
242,25.283696278979154,2.1912374465380613,19.483965351688934,0.8430055710230754,65.35455033093399,7.186649499154254,42.03774011299434,10.819684416028949,0.011111111111111112,0.047140452079103175,394.52020850422616,56.52441585854413
243,25.283696278979154,2.1912374465380613,19.483965351688934,0.8430055710230754,65.354550330934,7.186649499154254,42.03774011299435,10.819684416028947,0.011764705882352941,0.04850712500726659,394.52020850422616,56.52441585854414
244,25.283696278979157,2.1912374465380613,19.48396535168893,0.8430055710230754,65.35455033093399,7.186649499154254,42.03774011299435,10.819684416028947,0.0125,0.05,394.52020850422616,56.52441585854413
348,28.225,1.761123378856676,21.153407118055554,1.2856941157313841,72.02953559027779,5.76780795544809,45.60625,7.867456704679091,0.09375,0.16918924315688633,420.8205295138889,35.572345430828015
349,28.26029411764706,1.711398493607368,21.143443627450978,1.2455456168844752,72.14242238562093,5.604018322446445,45.48970588235294,7.632772978779613,0.11176470588235293,0.17986923354612536,421.4405637254902,34.53752011486883
350,28.258333333333336,1.6603212540549692,21.187037037037037,1.2224291164292844,71.98157793209879,5.479356171019237,45.43333333333334,7.40873887815638,0.10555555555555556,0.17647603477433757,423.1024305555556,34.24011746422452
351,28.258333333333336,1.6603212540549692,21.187037037037037,1.2224291164292844,71.98157793209879,5.479356171019237,45.43333333333334,7.40873887815638,0.10555555555555556,0.17647603477433757,423.1024305555556,34.24011746422452
352,28.275000000000002,1.6151768622340699,21.169535818713452,1.1904343778554194,71.7576571637427,5.4136909950732734,45.28026315789474,7.230849126732435,0.09999999999999999,0.17320508075688776,424.45961257309943,33.797189612958434
353,28.328750000000003,1.5903686610563523,21.171944444444446,1.1587338077048837,71.3471527777778,5.579946079550445,44.876250000000006,7.2662136080195445,0.095,0.1700619082322051,426.4625,34.093441660001524
354,28.49761904761905,1.7325301481606936,21.214252645502647,1.1459146986904174,70.96665013227515,5.711342737577619,44.28214285714286,7.587502647681344,0.09047619047619047,0.16704718466577612,428.4555224867725,34.4624366129432
355,28.567045454545454,1.7218493143499987,21.248800505050504,1.1299774999527634,70.74603851010103,5.668938007132359,44.15568181818182,7.428363963865372,0.08636363636363636,0.16415861825701372,430.3164457070707,34.74609469191842
356,28.630434782608695,1.7095092196500465,21.245018115942027,1.1041465488799609,70.25173611111113,6.0245990462450685,43.754347826086956,7.508459820330516,0.08260869565217391,0.1613921647108047,431.7210144927536,34.60908750920425
357,28.670833333333334,1.68360594721783,21.224045138888886,1.084753571173013,69.74175347222223,6.399975835086006,43.42604166666667,7.517488592430243,0.07916666666666668,0.15874279625330673,433.181712962963,34.59651021126387
358,28.729,1.6736211156916276,21.225916666666667,1.061955325168776,69.21559722222223,6.795148776612586,43.08500000000001,7.554182754165623,0.07600000000000001,0.1562049935181331,434.38694444444445,34.40002161259519
359,28.752884615384616,1.644323471670699,21.223557692307693,1.040568994304958,68.65866720085471,7.238199519677436,42.71057692307693,7.643824870694392,0.07307692307692308,0.1537730595590588,435.1693376068376,33.940280538670926
360,28.74166666666667,1.613445111618343,21.222145061728398,1.0203882491931613,68.2196116255144,7.455283891641296,42.540740740740745,7.547159896750731,0.07037037037037037,0.15144131845197645,435.8497942386831,33.46847367185995
361,28.74910714285715,1.5837740440678836,21.232452876984127,1.0027983522829984,67.87481398809524,7.53999232751137,42.34880952380953,7.47539025306546,0.06785714285714287,0.14920423841803143,436.609871031746,33.088187904070026
362,28.800000000000004,1.5791988625942734,21.256788793103446,0.9934107686341844,67.39722222222223,7.838099074103271,41.91178160919541,7.70872892075068,0.06551724137931035,0.14705650534249345,437.4904214559387,32.83615194914066
363,28.739166666666673,1.587102516081341,21.241099537037037,0.9799080119445814,67.23282407407409,7.7542326420466905,42.015555555555565,7.595949696252266,0.06333333333333334,0.14499306364701425,436.4178240740741,32.795534373297805
364,28.770000000000003,1.5832374441623405,21.258368055555557,0.97397640541111,66.79182870370371,7.671786108164825,41.74138888888889,7.5806618647155055,0.05,0.13064825110670783,436.36284722222223,32.794829362658874
365,28.801111111111116,1.588266262006901,21.228483796296302,0.9885590942119173,66.29966435185186,7.886051862563931,41.333611111111125,7.8925899711530585,0.05,0.13064825110670783,437.8381944444444,33.29765413688452
